1,0.58,0.61,0.47,0.13,0.50,0.00,0.48,0.22,1
2,0.43,0.67,0.48,0.27,0.50,0.00,0.53,0.22,1
3,0.64,0.62,0.49,0.15,0.50,0.00,0.53,0.22,1
4,0.58,0.44,0.57,0.13,0.50,0.00,0.54,0.22,2
5,0.42,0.44,0.48,0.54,0.50,0.00,0.48,0.22,1
6,0.51,0.40,0.56,0.17,0.50,0.50,0.49,0.22,3
7,0.50,0.54,0.48,0.65,0.50,0.00,0.53,0.22,1
8,0.48,0.45,0.59,0.20,0.50,0.00,0.58,0.34,2
9,0.55,0.50,0.66,0.36,0.50,0.00,0.49,0.22,1
10,0.40,0.39,0.60,0.15,0.50,0.00,0.58,0.30,3
11,0.43,0.39,0.54,0.21,0.50,0.00,0.53,0.27,2
12,0.42,0.37,0.59,0.20,0.50,0.00,0.52,0.29,2
13,0.40,0.42,0.57,0.35,0.50,0.00,0.53,0.25,3
14,0.60,0.40,0.52,0.46,0.50,0.00,0.53,0.22,1
15,0.66,0.55,0.45,0.19,0.50,0.00,0.46,0.22,1
16,0.46,0.44,0.52,0.11,0.50,0.00,0.50,0.22,3
17,0.47,0.39,0.50,0.11,0.50,0.00,0.49,0.40,3
18,0.58,0.47,0.54,0.11,0.50,0.00,0.51,0.26,2
19,0.50,0.34,0.55,0.21,0.50,0.00,0.49,0.22,2
20,0.61,0.60,0.55,0.21,0.50,0.00,0.50,0.25,2
21,0.45,0.40,0.50,0.16,0.50,0.00,0.50,0.22,3
22,0.43,0.44,0.48,0.22,0.50,0.00,0.51,0.22,3
23,0.73,0.63,0.42,0.30,0.50,0.00,0.49,0.22,3
24,0.43,0.53,0.52,0.13,0.50,0.00,0.55,0.22,3
25,0.46,0.53,0.52,0.15,0.50,0.00,0.58,0.22,3
26,0.51,0.51,0.52,0.51,0.50,0.00,0.54,0.22,1
27,0.59,0.45,0.53,0.19,0.50,0.00,0.59,0.27,3
28,0.57,0.47,0.60,0.18,0.50,0.00,0.51,0.22,3
29,0.63,0.67,0.57,0.24,0.50,0.00,0.49,0.22,1
30,0.80,0.88,0.36,0.39,0.50,0.00,0.56,0.33,4
31,0.53,0.54,0.43,0.10,0.50,0.00,0.57,0.32,2
32,0.51,0.51,0.43,0.87,0.50,0.00,0.52,0.22,1
33,0.38,0.61,0.61,0.12,0.50,0.00,0.53,0.47,3
34,0.33,0.55,0.51,0.43,0.50,0.00,0.51,0.22,2
35,0.78,0.74,0.42,0.26,0.50,0.00,0.43,0.22,4
36,0.74,0.67,0.47,0.34,0.50,0.00,0.42,0.22,5
37,0.72,0.61,0.45,0.30,0.50,0.00,0.54,0.25,1
38,0.40,0.45,0.57,0.18,0.50,0.00,0.56,0.26,3
39,0.59,0.53,0.43,0.44,0.50,0.00,0.50,0.22,1
40,0.57,0.53,0.53,0.34,0.50,0.00,0.53,0.22,1
41,0.86,0.68,0.39,0.24,0.50,0.00,0.54,0.22,6
42,0.86,0.74,0.51,0.40,0.50,0.00,0.55,0.22,6
43,0.79,0.57,0.41,0.28,0.50,0.00,0.59,0.22,6
44,0.41,0.54,0.39,0.20,0.50,0.00,0.51,0.22,7
45,0.37,0.36,0.56,0.18,0.50,0.00,0.48,0.26,8
46,0.53,0.31,0.58,0.39,0.50,0.00,0.47,0.37,2
47,0.74,0.75,0.58,0.47,0.50,0.00,0.40,0.35,6
48,0.49,0.39,0.52,0.29,0.50,0.00,0.48,0.22,5
49,0.74,0.57,0.51,0.28,0.50,0.00,0.58,0.22,8
50,0.42,0.24,0.34,0.16,0.50,0.00,0.50,0.22,7
51,0.48,0.39,0.51,0.21,0.50,0.00,0.52,0.28,3
52,0.41,0.53,0.45,0.14,0.50,0.00,0.52,0.66,7
53,0.45,0.46,0.55,0.43,0.50,0.00,0.55,0.38,2
54,0.56,0.48,0.58,0.27,0.50,0.00,0.51,0.22,3
55,0.64,0.59,0.56,0.23,0.50,0.00,0.46,0.22,3
56,0.64,0.56,0.56,0.22,0.50,0.00,0.45,0.22,3
57,0.66,0.62,0.49,0.10,0.50,0.00,0.49,0.22,3
58,0.53,0.44,0.51,0.33,0.50,0.00,0.55,0.22,3
59,0.38,0.49,0.53,0.19,0.50,0.00,0.50,0.22,3
60,0.45,0.58,0.48,0.67,0.50,0.00,0.52,0.22,1
61,0.43,0.35,0.52,0.52,0.50,0.00,0.54,0.22,1
62,0.37,0.32,0.47,0.18,0.50,0.00,0.45,0.25,2
63,0.48,0.43,0.51,0.32,0.50,0.00,0.52,0.43,2
64,0.41,0.46,0.59,0.19,0.50,0.00,0.58,0.27,2
65,0.54,0.48,0.44,0.08,0.50,0.00,0.52,0.27,3
66,0.60,0.47,0.45,0.22,0.50,0.00,0.51,0.29,3
67,0.34,0.46,0.57,0.09,0.50,0.00,0.55,0.22,3
68,0.48,0.54,0.55,0.12,0.50,0.00,0.51,0.22,3
69,0.47,0.39,0.59,0.15,0.50,0.00,0.57,0.22,3
70,0.81,0.85,0.47,0.37,0.50,0.00,0.56,0.22,5
71,0.48,0.42,0.52,0.24,0.50,0.00,0.56,0.22,3
72,0.58,0.51,0.49,0.27,0.50,0.00,0.57,0.29,3
73,0.60,0.50,0.44,0.61,0.50,0.00,0.47,0.22,1
74,0.45,0.55,0.54,0.66,0.50,0.00,0.47,0.22,1
75,0.46,0.49,0.58,0.23,0.50,0.00,0.44,0.22,1
76,0.49,0.42,0.56,0.55,0.50,0.00,0.42,0.25,1
77,0.63,0.53,0.54,0.40,0.50,0.00,0.50,0.22,1
78,0.50,0.54,0.53,0.54,0.50,0.00,0.51,0.27,1
79,0.63,0.57,0.59,0.40,0.50,0.00,0.38,0.22,1
80,0.43,0.57,0.51,0.49,0.50,0.00,0.48,0.22,1
81,0.48,0.45,0.55,0.50,0.50,0.00,0.53,0.22,1
82,0.50,0.58,0.46,0.46,0.50,0.00,0.46,0.22,1
83,0.51,0.54,0.60,0.57,0.50,0.00,0.58,0.22,1
84,0.54,0.52,0.63,0.37,0.50,0.00,0.46,0.22,1
85,0.67,0.62,0.40,0.43,0.50,0.83,0.50,0.22,1
86,0.28,0.58,0.21,0.13,0.50,0.00,0.51,0.22,7
87,0.39,0.44,0.35,0.16,0.50,0.00,0.55,0.22,7
88,0.80,0.63,0.45,0.29,0.50,0.00,0.51,0.22,5
89,0.50,0.52,0.59,0.30,0.50,0.00,0.51,0.35,2
90,0.42,0.47,0.52,0.41,0.50,0.00,0.53,0.32,3
91,0.36,0.46,0.62,0.46,0.50,0.00,0.51,0.33,3
92,0.46,0.38,0.47,0.22,0.50,0.00,0.52,0.27,1
93,0.40,0.45,0.56,0.20,0.50,0.00,0.45,0.22,3
94,0.33,0.43,0.64,0.16,0.50,0.00,0.52,0.52,2
95,0.49,0.61,0.49,0.25,0.50,0.00,0.50,0.28,3
96,0.38,0.50,0.37,0.26,0.50,0.00,0.43,0.22,7
97,0.69,0.70,0.52,0.36,0.50,0.00,0.46,0.22,5
98,0.61,0.72,0.39,0.33,0.50,0.00,0.58,0.22,1
99,0.78,0.75,0.40,0.28,0.50,0.00,0.53,0.22,1
100,0.64,0.57,0.57,0.27,0.50,0.00,0.37,0.22,3
101,0.36,0.58,0.35,0.24,0.50,0.00,0.44,0.22,7
102,0.36,0.43,0.39,0.12,0.50,0.00,0.49,0.22,7
103,0.47,0.52,0.50,0.40,0.50,0.00,0.41,0.22,3
104,0.48,0.23,0.57,0.27,0.50,0.00,0.48,0.47,2
105,0.47,0.39,0.55,0.24,0.50,0.00,0.47,0.22,3
106,0.44,0.59,0.36,0.16,0.50,0.00,0.52,0.22,7
107,0.42,0.35,0.54,0.18,0.50,0.00,0.56,0.22,3
108,0.30,0.56,0.55,0.18,0.50,0.00,0.50,0.22,3
109,0.65,0.65,0.52,0.16,0.50,0.00,0.60,0.22,3
110,0.27,0.60,0.48,0.23,0.50,0.00,0.55,0.22,3
111,0.45,0.41,0.50,0.46,0.50,0.50,0.50,0.27,9
112,0.44,0.52,0.41,0.23,0.50,0.00,0.51,0.22,2
113,0.30,0.32,0.57,0.19,0.50,0.00,0.48,0.55,2
114,0.40,0.44,0.49,0.47,0.50,0.00,0.49,0.27,2
115,0.45,0.51,0.50,0.16,0.50,0.00,0.52,1.00,2
116,0.45,0.45,0.50,0.60,0.50,0.00,0.49,0.22,1
117,0.59,0.67,0.56,0.41,0.50,0.00,0.47,0.22,1
118,0.47,0.47,0.57,0.48,0.50,0.00,0.48,0.22,1
119,0.35,0.52,0.48,0.22,0.50,0.00,0.26,0.22,1
120,0.47,0.41,0.66,0.26,0.50,0.00,0.53,0.22,1
121,0.64,0.62,0.29,0.28,0.50,0.00,0.51,0.22,1
122,0.55,0.53,0.55,0.46,0.50,0.00,0.52,0.22,1
123,0.67,0.62,0.54,0.43,0.50,0.00,0.53,0.22,1
124,0.59,0.60,0.49,0.43,0.50,0.00,0.53,0.31,1
125,0.54,0.55,0.34,0.31,0.50,0.00,0.54,0.22,7
126,0.58,0.62,0.54,0.17,0.50,0.00,0.48,0.22,1
127,0.40,0.38,0.53,0.16,0.50,0.00,0.52,0.27,2
128,0.46,0.71,0.48,0.53,0.50,0.00,0.53,0.22,1
129,0.53,0.51,0.55,0.05,0.50,0.00,0.45,0.25,2
130,0.41,0.40,0.59,0.47,0.50,0.00,0.48,0.43,3
131,0.50,0.64,0.57,0.15,0.50,0.00,0.47,0.22,3
132,0.40,0.62,0.52,0.31,0.50,0.00,0.49,0.31,3
133,0.60,0.50,0.57,0.25,0.50,0.00,0.41,0.26,3
134,0.62,0.51,0.52,0.42,0.50,0.00,0.54,0.27,2
135,0.35,0.58,0.54,0.16,0.50,0.00,0.51,0.22,2
136,0.34,0.54,0.50,0.21,0.50,0.00,0.54,0.31,3
137,0.39,0.58,0.50,0.26,0.50,0.00,0.54,0.59,7
138,0.48,0.54,0.50,0.17,0.50,0.00,0.53,0.22,2
139,0.29,0.32,0.58,0.15,0.50,0.00,0.50,0.30,3
140,0.47,0.32,0.64,0.30,0.50,0.00,0.63,0.22,2
141,0.39,0.47,0.56,0.16,0.50,0.00,0.47,0.22,3
142,0.58,0.48,0.51,0.47,0.50,0.00,0.55,0.22,2
143,0.64,0.60,0.57,0.19,0.50,0.00,0.43,0.22,2
144,0.37,0.46,0.40,0.27,0.50,0.00,0.45,0.22,2
145,0.43,0.57,0.53,0.16,0.50,0.00,0.54,0.22,3
146,0.28,0.37,0.61,0.09,0.50,0.00,0.52,0.55,2
147,0.59,0.48,0.50,0.14,0.50,0.00,0.45,0.25,3
148,0.39,0.55,0.48,0.31,0.50,0.00,0.54,0.29,3
149,0.26,0.36,0.47,0.34,0.50,0.00,0.53,0.72,2
150,0.51,0.34,0.50,0.19,0.50,0.00,0.50,0.22,2
151,0.58,0.50,0.50,0.12,0.50,0.00,0.48,0.25,2
152,0.44,0.39,0.53,0.14,0.50,0.00,0.54,0.44,3
153,0.41,0.39,0.44,0.34,0.50,0.00,0.48,0.40,2
154,0.45,0.43,0.51,0.24,0.50,0.00,0.54,0.33,3
155,0.36,0.68,0.46,0.16,0.50,0.00,0.53,0.28,2
156,0.42,0.31,0.50,0.15,0.50,0.00,0.53,0.22,2
157,0.42,0.43,0.56,0.10,0.50,0.00,0.49,0.22,3
158,0.67,0.71,0.52,0.65,0.50,0.00,0.53,0.36,2
159,0.49,0.47,0.53,0.16,0.50,0.00,0.48,0.27,2
160,0.71,0.59,0.48,0.43,0.50,0.00,0.59,0.22,1
161,0.40,0.42,0.71,0.21,0.50,0.00,0.54,0.32,3
161,0.40,0.42,0.71,0.21,0.50,0.00,0.54,0.32,3
162,0.54,0.49,0.49,0.20,0.50,0.00,0.52,0.22,3
163,0.42,0.51,0.50,0.12,0.50,0.00,0.52,0.46,2
164,0.57,0.51,0.53,0.18,0.50,0.00,0.56,0.25,2
165,0.35,0.45,0.43,0.11,0.50,0.00,0.56,0.22,7
166,0.42,0.42,0.42,0.20,0.50,0.00,0.49,0.22,7
167,0.26,0.50,0.33,0.28,0.50,0.00,0.51,0.22,7
168,0.39,0.42,0.38,0.40,0.50,0.00,0.49,0.47,7
169,0.26,0.44,0.30,0.11,0.50,0.00,0.51,0.47,7
170,0.31,0.44,0.53,0.23,0.50,0.00,0.51,0.32,2
171,0.48,0.61,0.44,0.20,0.50,0.00,0.47,0.22,3
172,0.66,0.45,0.50,0.23,0.50,0.00,0.49,0.22,3
173,0.21,0.41,0.55,0.11,0.50,0.00,0.50,0.27,3
174,0.38,0.68,0.44,0.45,0.50,0.00,0.53,0.22,1
175,0.44,0.38,0.48,0.32,0.50,0.83,0.53,0.22,9
176,0.31,0.31,0.56,0.33,0.50,0.00,0.52,0.33,2
177,0.49,0.31,0.49,0.35,0.50,0.00,0.51,0.29,2
178,0.38,0.37,0.56,0.21,0.50,0.00,0.49,0.22,2
179,0.39,0.40,0.53,0.67,0.50,0.00,0.47,0.22,3
180,0.24,0.34,0.69,0.18,0.50,0.00,0.52,0.22,3
181,0.49,0.43,0.51,0.13,0.50,0.00,0.47,0.22,3
182,0.54,0.38,0.52,0.18,0.50,0.00,0.48,0.22,3
183,0.43,0.57,0.53,0.53,0.50,0.00,0.53,0.25,3
184,0.48,0.64,0.61,0.23,0.50,0.00,0.60,0.22,3
185,0.31,0.55,0.52,0.17,0.50,0.00,0.52,0.22,3
186,0.32,0.57,0.50,0.15,0.50,0.00,0.53,0.22,3
187,0.32,0.42,0.52,0.24,0.50,0.00,0.60,0.22,3
188,0.59,0.50,0.52,0.28,0.50,0.00,0.55,0.25,3
189,0.37,0.42,0.51,0.11,0.50,0.00,0.57,0.22,3
190,0.75,0.70,0.38,0.27,0.50,0.00,0.49,0.22,4
191,0.61,0.72,0.31,0.33,0.50,0.00,0.56,0.22,1
192,0.44,0.42,0.60,0.21,0.50,0.00,0.57,0.22,3
193,0.52,0.51,0.51,0.54,0.50,0.00,0.55,0.27,1
194,0.63,0.56,0.45,0.58,0.50,0.00,0.51,0.22,1
195,0.52,0.56,0.54,0.53,0.50,0.00,0.45,0.22,1
196,0.58,0.58,0.58,0.49,0.50,0.00,0.49,0.26,1
197,0.72,0.62,0.34,0.29,0.50,0.00,0.56,0.28,1
198,0.72,0.61,0.37,0.30,0.50,0.00,0.57,0.22,1
199,0.46,0.43,0.38,0.33,0.50,0.00,0.48,0.28,1
200,0.57,0.57,0.44,0.37,0.50,0.00,0.52,0.25,1
201,0.42,0.31,0.62,0.12,0.50,0.00,0.40,0.22,1
202,0.49,0.46,0.45,0.45,0.50,0.00,0.52,0.22,1
203,0.42,0.58,0.41,0.65,0.50,0.00,0.46,0.26,1
204,0.59,0.61,0.34,0.22,0.50,0.00,0.51,0.22,1
205,0.52,0.77,0.38,0.34,0.50,0.00,0.51,0.22,1
206,0.50,0.52,0.60,0.51,0.50,0.00,0.48,0.22,1
207,0.49,0.60,0.43,0.56,0.50,0.00,0.36,0.22,1
208,0.50,0.41,0.44,0.50,0.50,0.00,0.42,0.22,1
209,0.50,0.40,0.56,0.70,0.50,0.00,0.50,0.22,1
210,0.37,0.58,0.44,0.51,0.50,0.00,0.44,0.22,1
211,0.55,0.45,0.45,0.54,0.50,0.00,0.50,0.22,1
212,0.67,0.68,0.46,0.29,0.50,0.00,0.46,0.22,1
213,0.53,0.51,0.46,0.28,0.50,0.00,0.48,0.22,3
214,0.35,0.66,0.49,0.21,0.50,0.00,0.54,0.25,3
215,0.52,0.40,0.60,0.12,0.50,0.00,0.55,0.22,3
216,0.77,0.79,0.58,0.23,0.50,0.00,0.48,0.22,5
217,0.47,0.46,0.59,0.49,0.50,0.00,0.56,0.22,1
218,0.73,0.83,0.43,0.30,0.50,0.00,0.55,0.22,4
219,0.78,0.74,0.58,0.25,1.00,0.00,0.53,0.22,10
220,0.70,0.65,0.54,0.28,0.50,0.00,0.60,0.40,8
221,0.47,0.54,0.37,0.14,0.50,0.00,0.50,0.22,7
222,0.56,0.52,0.48,0.17,0.50,0.00,0.46,0.22,2
223,0.57,0.41,0.59,0.24,0.50,0.00,0.40,0.22,3
224,0.56,0.41,0.58,0.21,0.50,0.00,0.42,0.22,3
225,0.58,0.56,0.45,0.12,0.50,0.00,0.51,0.22,2
226,0.53,0.38,0.66,0.25,0.50,0.00,0.43,0.22,2
227,0.34,0.36,0.54,0.11,0.50,0.00,0.36,0.21,2
228,0.69,0.61,0.38,0.27,0.50,0.00,0.52,0.22,6
229,0.37,0.53,0.60,0.19,0.50,0.50,0.42,0.22,9
230,0.41,0.45,0.53,0.17,0.50,0.00,0.51,0.25,2
231,0.31,0.46,0.54,0.52,0.50,0.00,0.50,0.34,2
232,0.36,0.37,0.33,0.14,0.50,0.00,0.57,0.31,7
233,0.82,0.78,0.49,0.23,0.50,0.00,0.46,0.22,5
234,0.82,0.75,0.54,0.23,0.50,0.00,0.46,0.22,5
235,0.41,0.51,0.58,0.15,0.50,0.00,0.45,0.27,3
236,0.38,0.51,0.75,0.17,0.50,0.00,0.55,0.22,3
236,0.38,0.51,0.75,0.17,0.50,0.00,0.55,0.22,3
237,0.53,0.44,0.51,0.33,0.50,0.00,0.52,0.22,1
238,0.46,0.54,0.71,0.15,0.50,0.00,0.59,0.22,1
239,0.40,0.56,0.48,0.14,0.50,0.00,0.47,0.22,1
240,0.53,0.53,0.60,0.13,0.50,0.00,0.49,0.22,1
241,0.42,0.57,0.72,0.22,0.50,0.00,0.57,0.22,1
242,0.45,0.27,0.57,0.36,0.50,0.00,0.52,0.18,3
243,0.20,0.26,0.52,0.14,0.50,0.00,0.53,0.44,3
244,0.51,0.53,0.55,0.14,0.50,0.00,0.51,0.22,3
245,0.44,0.68,0.45,0.51,0.50,0.00,0.52,0.41,1
246,0.27,0.39,0.66,0.11,0.50,0.00,0.44,0.22,1
247,0.55,0.42,0.34,0.30,0.50,0.00,0.52,0.22,7
248,0.34,0.42,0.30,0.23,0.50,0.00,0.53,0.22,7
249,0.44,0.53,0.52,0.23,0.50,0.83,0.51,0.22,9
250,0.59,0.58,0.56,0.21,0.50,0.00,0.54,0.33,2
251,0.39,0.28,0.46,0.12,0.50,0.00,0.41,0.22,2
252,0.56,0.43,0.54,0.16,0.50,0.00,0.50,0.22,2
253,0.36,0.68,0.38,0.08,0.50,0.00,0.53,0.25,8
254,0.27,0.36,0.60,0.33,0.50,0.00,0.37,0.31,2
255,0.35,0.40,0.59,0.22,0.50,0.00,0.47,0.37,2
256,0.42,0.32,0.50,0.21,0.50,0.00,0.51,0.22,2
257,0.23,0.20,0.53,0.20,0.50,0.00,0.44,0.22,2
258,0.55,0.54,0.56,0.22,0.50,0.00,0.50,0.37,2
259,0.36,0.24,0.49,0.16,0.50,0.00,0.51,0.22,2
260,0.38,0.48,0.59,0.22,0.50,0.00,0.46,0.22,3
261,0.80,0.46,0.50,0.15,0.50,0.00,0.53,0.22,3
262,0.60,0.56,0.47,0.20,0.50,0.00,0.50,0.38,2
263,0.41,0.24,0.54,0.26,0.50,0.00,0.41,0.22,2
264,0.47,0.65,0.54,0.62,0.50,0.00,0.53,0.36,1
265,0.43,0.39,0.54,0.14,0.50,0.00,0.47,0.22,2
266,0.50,0.51,0.52,0.09,0.50,0.00,0.48,0.25,2
267,0.53,0.61,0.52,0.21,0.50,0.00,0.55,0.30,2
268,0.54,0.42,0.41,0.16,0.50,0.00,0.52,0.22,6
269,0.46,0.35,0.53,0.16,0.50,0.00,0.51,0.29,3
270,0.46,0.43,0.49,0.79,0.50,0.00,0.49,0.63,2
271,0.51,0.55,0.35,0.16,0.50,0.00,0.51,0.47,7
272,0.56,0.52,0.55,0.19,0.50,0.00,0.54,0.22,3
273,0.61,0.30,0.59,0.12,0.50,0.00,0.49,0.27,2
274,0.37,0.53,0.46,0.23,0.50,0.00,0.47,0.22,2
275,0.83,0.58,0.33,0.04,0.50,0.00,0.53,0.22,6
276,0.39,0.45,0.53,0.18,0.50,0.00,0.54,0.22,3
277,0.52,0.54,0.50,0.21,0.50,0.00,0.48,0.30,3
278,0.35,0.39,0.57,0.11,0.50,0.00,0.48,0.22,2
279,0.36,0.49,0.30,0.22,0.50,0.00,0.52,0.31,7
280,0.78,0.70,0.32,0.23,0.50,0.00,0.53,0.22,4
281,0.55,0.46,0.53,0.11,0.50,0.00,0.52,0.48,3
282,0.45,0.56,0.54,0.32,0.50,0.00,0.57,0.22,3
283,0.45,0.56,0.53,0.32,0.50,0.00,0.57,0.22,3
284,0.29,0.43,0.40,0.15,0.50,0.00,0.53,0.22,7
285,0.52,0.75,0.37,0.14,0.50,0.00,0.46,0.22,7
286,0.71,0.56,0.39,0.27,0.50,0.00,0.52,0.22,6
287,0.58,0.60,0.43,0.12,0.50,0.00,0.55,0.22,7
288,0.54,0.65,0.49,0.34,0.50,0.00,0.52,0.22,3
289,0.57,0.59,0.44,0.16,0.50,0.00,0.52,0.22,6
290,0.59,0.58,0.46,0.19,0.50,0.00,0.56,0.27,3
291,0.92,0.61,0.40,0.22,0.50,0.00,0.54,0.22,6
292,0.55,0.56,0.45,0.14,0.50,0.00,0.54,0.22,3
293,0.63,0.61,0.41,0.22,0.50,0.00,0.51,0.22,7
294,0.58,0.53,0.38,0.18,0.50,0.00,0.52,0.22,7
295,0.36,0.46,0.43,0.19,0.50,0.00,0.48,0.22,7
296,0.32,0.47,0.55,0.12,0.50,0.00,0.52,0.22,3
297,0.34,0.38,0.45,0.19,0.50,0.00,0.51,0.22,6
298,0.62,0.58,0.46,0.13,0.50,0.00,0.53,0.22,3
299,0.53,0.68,0.42,0.19,0.50,0.00,0.53,0.22,7
300,0.73,0.55,0.41,0.16,0.50,0.00,0.46,0.22,6
301,0.55,0.46,0.46,0.31,0.50,0.00,0.58,0.48,2
302,0.35,0.60,0.47,0.13,0.50,0.00,0.52,0.43,2
303,0.77,0.80,0.51,0.40,1.00,0.00,0.54,0.22,10
304,0.77,0.87,0.47,0.37,0.50,0.00,0.48,0.22,5
305,0.35,0.46,0.49,0.15,1.00,0.00,0.55,0.35,3
306,0.43,0.51,0.48,0.14,0.50,0.00,0.50,0.22,3
307,0.57,0.61,0.45,0.26,0.50,0.00,0.50,0.22,3
308,0.63,0.62,0.42,0.12,0.50,0.00,0.52,0.25,3
309,0.25,0.40,0.51,0.18,0.50,0.00,0.50,0.27,3
310,0.56,0.62,0.53,0.24,0.50,0.00,0.57,0.22,3
311,0.58,0.60,0.51,0.24,0.50,0.00,0.53,0.22,3
312,0.71,0.59,0.53,0.15,0.50,0.00,0.49,0.33,3
313,0.46,0.35,0.33,0.17,0.50,0.00,0.55,0.22,7
314,0.54,0.55,0.42,0.22,0.50,0.00,0.48,0.22,7
315,0.39,0.44,0.28,0.12,0.50,0.00,0.46,0.27,7
316,0.33,0.44,0.49,0.08,0.50,0.00,0.48,0.49,2
317,0.81,0.82,0.41,0.36,0.50,0.00,0.39,0.22,5
318,0.69,0.60,0.51,0.13,0.50,0.83,0.52,0.22,9
319,0.46,0.48,0.44,0.21,0.50,0.00,0.55,0.22,9
320,0.35,0.36,0.57,0.17,0.50,0.00,0.52,0.22,3
321,0.74,0.72,0.47,0.25,0.50,0.00,0.57,0.22,4
322,0.54,0.57,0.52,0.19,0.50,0.00,0.59,0.67,2
323,0.42,0.52,0.40,0.17,0.50,0.00,0.50,0.26,7
324,0.91,0.77,0.34,0.47,0.50,0.00,0.52,0.31,4
325,0.81,0.90,0.39,0.41,0.50,0.00,0.53,0.22,6
326,0.45,0.40,0.56,0.14,0.50,0.00,0.54,0.22,3
327,0.47,0.47,0.58,0.16,0.50,0.00,0.49,0.28,3
328,0.41,0.39,0.51,0.52,0.50,0.00,0.49,0.22,3
329,0.37,0.34,0.32,0.22,0.50,0.00,0.56,0.22,7
330,0.69,0.60,0.50,0.31,0.50,0.00,0.55,0.22,3
331,0.35,0.56,0.36,0.30,0.50,0.00,0.53,0.25,7
332,0.84,0.66,0.36,0.78,0.50,0.00,0.49,0.50,4
333,0.51,0.58,0.54,0.29,0.50,0.00,0.53,0.22,3
334,0.37,0.43,0.62,0.27,0.50,0.00,0.48,0.22,2
335,0.55,0.66,0.57,0.32,0.50,0.00,0.57,0.34,3
336,0.48,0.35,0.42,0.21,0.50,0.00,0.57,0.22,3
337,0.62,0.58,0.52,0.15,0.50,0.00,0.52,0.29,3
338,0.56,0.59,0.53,0.16,0.50,0.00,0.24,0.42,2
339,0.44,0.51,0.37,0.15,0.50,0.00,0.51,0.22,7
340,0.44,0.44,0.49,0.15,0.50,0.00,0.46,0.27,2
341,0.50,0.50,0.48,0.17,0.50,0.00,0.47,0.26,3
342,0.60,0.60,0.49,0.30,0.50,0.00,0.53,0.22,2
343,0.49,0.46,0.34,0.21,0.50,0.00,0.55,0.22,7
344,0.35,0.68,0.57,0.40,0.50,0.00,0.53,0.36,2
345,0.70,0.69,0.43,0.33,0.50,0.00,0.58,0.22,4
346,0.23,0.30,0.58,0.22,0.50,0.00,0.48,0.27,2
347,0.45,0.42,0.52,0.20,0.50,0.00,0.50,0.25,3
348,0.51,0.35,0.46,0.15,0.50,0.00,0.51,0.42,3
349,0.42,0.39,0.47,0.13,0.50,0.00,0.50,0.27,3
350,0.32,0.38,0.52,0.20,0.50,0.00,0.52,0.28,3
351,0.59,0.65,0.52,0.30,0.50,0.00,0.46,0.31,3
352,0.41,0.52,0.41,0.11,0.50,0.00,0.54,0.35,3
353,0.37,0.33,0.50,0.12,0.50,0.00,0.51,0.54,3
354,0.45,0.56,0.49,0.17,0.50,0.00,0.52,0.22,3
355,0.56,0.54,0.59,0.14,0.50,0.00,0.52,0.27,2
356,0.31,0.31,0.54,0.18,0.50,0.00,0.52,0.29,2
357,0.27,0.51,0.47,0.35,0.50,0.00,0.49,0.28,2
358,0.54,0.56,0.57,0.18,0.50,0.00,0.45,0.25,2
359,0.17,0.38,0.45,0.09,0.50,0.00,0.54,0.27,2
360,0.43,0.51,0.54,0.15,0.50,0.00,0.45,0.26,2
361,0.60,0.40,0.59,0.18,0.50,0.00,0.48,0.22,3
362,0.91,0.69,0.57,0.45,0.50,0.00,0.56,0.22,6
363,0.38,0.47,0.53,0.12,0.50,0.00,0.48,0.22,3
364,0.59,0.43,0.52,0.19,0.50,0.00,0.55,0.27,3
365,0.64,0.53,0.45,0.13,0.50,0.00,0.53,0.22,3
366,0.49,0.31,0.34,0.13,0.50,0.00,0.52,0.22,7
367,0.52,0.51,0.51,0.12,0.50,0.00,0.51,0.40,3
368,0.49,0.43,0.48,0.15,0.50,0.00,0.55,0.25,3
369,0.49,0.47,0.52,0.16,0.50,0.00,0.53,0.28,3
370,0.48,0.39,0.49,0.18,0.50,0.00,0.51,0.22,3
371,0.44,0.34,0.55,0.18,0.50,0.00,0.52,0.22,3
372,0.43,0.54,0.58,0.16,0.50,0.00,0.50,0.36,2
373,0.49,0.42,0.54,0.17,0.50,0.00,0.50,0.36,3
374,0.34,0.66,0.51,0.16,0.50,0.00,0.47,0.33,2
375,0.20,0.34,0.33,0.10,0.50,0.00,0.48,0.31,7
376,0.74,0.53,0.50,0.08,0.50,0.00,0.55,0.31,3
377,0.69,0.48,0.38,0.15,0.50,0.00,0.55,0.22,6
378,0.30,0.50,0.47,0.11,0.50,0.00,0.46,0.22,3
379,0.44,0.51,0.48,0.38,0.50,0.00,0.52,0.22,3
380,0.31,0.45,0.50,0.17,0.50,0.00,0.49,0.22,3
381,0.55,0.41,0.56,0.21,0.50,0.00,0.52,0.22,3
382,0.40,0.34,0.52,0.17,0.50,0.00,0.47,0.51,2
383,0.40,0.48,0.50,0.17,0.50,0.00,0.54,0.50,3
384,0.58,0.48,0.56,0.10,0.50,0.00,0.46,0.25,2
385,0.58,0.48,0.56,0.12,0.50,0.00,0.46,0.25,2
386,0.58,0.45,0.48,0.24,0.50,0.00,0.52,0.37,3
387,0.58,0.41,0.51,0.26,0.50,0.00,0.51,0.37,3
388,0.41,0.60,0.53,0.29,0.50,0.00,0.47,0.43,2
389,0.69,0.50,0.49,0.42,0.50,0.00,0.49,0.22,1
390,0.38,0.49,0.61,0.13,0.50,0.00,0.54,0.22,3
391,0.60,0.48,0.44,0.52,0.50,0.00,0.54,0.63,2
392,0.47,0.49,0.63,0.17,0.50,0.00,0.31,0.26,2
393,0.28,0.51,0.55,0.11,0.50,0.00,0.46,0.22,2
394,0.56,0.57,0.63,0.39,1.00,0.00,0.59,0.40,2
395,0.21,0.38,0.49,0.16,0.50,0.00,0.51,0.45,3
396,0.46,0.57,0.57,0.15,0.50,0.00,0.52,0.26,2
397,0.43,0.42,0.54,0.22,0.50,0.00,0.57,0.33,2
398,0.57,0.59,0.50,0.58,0.50,0.00,0.53,0.22,1
399,0.48,0.34,0.47,0.14,0.50,0.00,0.47,0.26,3
400,0.35,0.40,0.53,0.18,0.50,0.00,0.42,0.38,3
401,0.47,0.45,0.53,0.62,0.50,0.00,0.46,0.22,1
402,0.53,0.43,0.47,0.15,0.50,0.00,0.58,0.22,3
403,0.46,0.45,0.56,0.16,0.50,0.00,0.56,0.22,3
404,0.44,0.42,0.62,0.14,0.50,0.00,0.55,0.37,2
405,0.37,0.34,0.58,0.24,0.50,0.00,0.44,0.18,2
405,0.37,0.34,0.58,0.24,0.50,0.00,0.44,0.18,2
406,0.39,0.39,0.55,0.52,0.50,0.00,0.37,0.16,2
406,0.39,0.39,0.55,0.52,0.50,0.00,0.37,0.16,2
407,0.48,0.46,0.38,0.29,0.50,0.00,0.53,0.22,7
408,0.48,0.57,0.50,0.09,0.50,0.00,0.52,0.42,2
409,0.61,0.57,0.45,0.21,0.50,0.00,0.50,0.42,2
410,0.56,0.44,0.56,0.19,0.50,0.00,0.54,0.22,3
411,0.51,0.63,0.30,0.35,0.50,0.00,0.53,0.27,7
412,0.53,0.68,0.34,0.42,0.50,0.00,0.54,0.27,7
413,0.37,0.22,0.64,0.35,0.50,0.00,0.47,0.22,2
414,0.51,0.48,0.58,0.22,0.50,0.00,0.50,0.28,2
415,0.49,0.37,0.59,0.17,0.50,0.00,0.51,0.22,2
414,0.51,0.48,0.58,0.22,0.50,0.00,0.50,0.28,2
416,0.53,0.53,0.53,0.17,0.50,0.00,0.49,0.37,2
417,0.29,0.68,0.47,0.26,0.50,0.00,0.47,0.37,2
418,0.50,0.45,0.49,0.15,0.50,0.00,0.55,0.43,2
419,0.33,0.28,0.31,0.24,0.50,0.00,0.53,0.22,7
420,0.85,0.85,0.30,0.31,0.50,0.00,0.55,0.42,4
421,0.43,0.39,0.51,0.28,0.50,0.00,0.40,0.22,2
422,0.61,0.54,0.49,0.16,0.50,0.00,0.54,0.42,3
423,0.34,0.35,0.61,0.19,0.50,0.00,0.52,0.25,2
424,0.55,0.53,0.56,0.29,0.50,0.00,0.48,0.22,1
425,0.66,0.62,0.52,0.17,0.50,0.00,0.49,0.22,3
426,0.44,0.41,0.58,0.20,0.50,0.00,0.57,0.25,3
427,0.37,0.62,0.34,0.25,0.50,0.00,0.51,0.22,7
428,0.45,0.56,0.51,0.64,0.50,0.00,0.54,0.22,1
429,0.38,0.46,0.52,0.75,0.50,0.00,0.50,0.26,1
430,0.61,0.54,0.49,0.19,0.50,0.00,0.54,0.47,3
431,0.44,0.53,0.52,0.37,0.50,0.00,0.50,0.22,2
432,0.44,0.53,0.52,0.37,0.50,0.00,0.50,0.22,2
433,0.32,0.34,0.61,0.17,0.50,0.00,0.52,0.32,2
434,0.34,0.34,0.61,0.18,0.50,0.00,0.52,0.32,2
435,0.51,0.68,0.49,0.59,0.50,0.00,0.54,0.27,1
436,0.41,0.30,0.49,0.28,0.50,0.00,0.54,0.22,3
437,0.41,0.43,0.50,0.28,0.50,0.00,0.50,0.22,3
438,0.30,0.50,0.34,0.26,0.50,0.00,0.51,0.22,7
439,0.49,0.40,0.34,0.26,0.50,0.00,0.50,0.22,7
440,0.34,0.40,0.30,0.23,0.50,0.00,0.51,0.22,7
441,0.43,0.44,0.30,0.18,0.50,0.00,0.51,0.22,7
442,0.43,0.45,0.37,0.12,0.50,0.00,0.48,0.22,7
443,0.45,0.57,0.30,0.17,0.50,0.00,0.51,0.22,7
444,0.45,0.57,0.30,0.17,0.50,0.00,0.51,0.22,7
445,0.42,0.44,0.33,0.17,0.50,0.00,0.54,0.27,7
446,0.52,0.50,0.53,0.10,0.50,0.00,0.48,0.22,9
447,0.53,0.56,0.49,0.46,0.50,0.00,0.52,0.22,1
448,0.45,0.54,0.54,0.62,0.50,0.00,0.53,0.22,1
449,0.51,0.43,0.63,0.18,0.50,0.00,0.52,0.22,3
450,0.51,0.52,0.48,0.50,0.50,0.00,0.51,0.22,1
451,0.55,0.49,0.50,0.46,0.50,0.00,0.52,0.25,1
452,0.50,0.46,0.52,0.16,0.50,0.00,0.52,0.26,3
453,0.50,0.53,0.45,0.44,0.50,0.00,0.49,0.22,1
454,0.45,0.59,0.53,0.74,0.50,0.00,0.47,0.25,1
455,0.57,0.61,0.55,0.67,0.50,0.00,0.48,0.22,1
456,0.54,0.45,0.62,0.13,0.50,0.00,0.52,0.26,2
457,0.67,0.51,0.53,0.28,0.50,0.00,0.51,0.22,1
458,0.35,0.49,0.47,0.22,0.50,0.00,0.50,0.28,1
459,0.47,0.63,0.66,0.45,0.50,0.00,0.37,0.11,1
460,0.51,0.34,0.43,0.18,0.50,0.00,0.48,0.25,3
461,0.56,0.45,0.59,0.14,0.50,0.00,0.51,0.26,2
462,0.45,0.38,0.59,0.18,0.50,0.00,0.44,0.45,2
463,0.43,0.51,0.60,0.25,0.50,0.00,0.55,0.22,3
464,0.47,0.59,0.43,0.13,0.50,0.00,0.56,0.30,7
465,0.40,0.45,0.42,0.17,0.50,0.00,0.54,0.26,7
466,0.89,0.81,0.36,0.71,0.50,0.00,0.55,0.63,4
467,0.58,0.55,0.52,0.22,0.50,0.00,0.44,0.22,1
468,0.59,0.57,0.46,0.14,0.50,0.00,0.52,0.22,1
469,0.49,0.41,0.32,0.21,0.50,0.00,0.50,0.32,7
470,0.35,0.53,0.35,0.33,0.50,0.00,0.50,0.32,7
471,0.42,0.32,0.61,0.13,0.50,0.00,0.14,0.27,2
472,0.50,0.46,0.42,0.32,0.50,0.00,0.56,0.55,7
473,0.68,0.50,0.43,0.27,0.50,0.00,0.61,0.22,6
474,0.50,0.45,0.49,0.30,0.50,0.00,0.47,0.40,2
475,0.46,0.41,0.50,0.44,0.50,0.00,0.53,0.22,1
476,0.32,0.36,0.34,0.19,0.50,0.00,0.55,0.26,7
477,0.40,0.51,0.42,0.13,0.50,0.00,0.45,0.25,7
478,0.70,0.73,0.37,0.37,0.50,0.00,0.48,0.31,4
479,0.81,0.76,0.32,0.37,0.50,0.00,0.51,0.22,6
480,0.65,0.61,0.39,0.30,0.50,0.00,0.57,0.28,7
481,0.47,0.43,0.35,0.32,0.50,0.00,0.54,0.22,7
482,0.42,0.25,0.60,0.14,0.50,0.00,0.45,0.22,3
483,0.23,0.34,0.41,0.28,0.50,0.00,0.50,0.27,2
484,0.85,0.56,0.33,0.38,1.00,0.00,0.55,0.25,10
485,0.34,0.31,0.60,0.37,0.50,0.00,0.50,0.30,2
486,0.59,0.53,0.47,0.26,0.50,0.00,0.53,0.31,2
487,0.67,0.63,0.34,0.41,0.50,0.00,0.60,0.33,4
488,0.70,0.73,0.38,0.36,0.50,0.00,0.54,0.22,4
489,0.54,0.51,0.54,0.52,0.50,0.00,0.47,0.25,1
490,0.53,0.50,0.54,0.56,0.50,0.00,0.49,0.41,1
491,0.84,0.63,0.38,0.23,0.50,0.00,0.53,0.22,5
492,0.89,0.77,0.36,0.34,0.50,0.00,0.44,0.22,5
493,0.48,0.43,0.45,0.17,0.50,0.00,0.48,0.37,7
494,0.36,0.35,0.47,0.22,0.50,0.00,0.44,0.31,7
495,0.57,0.49,0.48,0.16,0.50,0.00,0.51,0.22,2
496,0.43,0.52,0.53,0.52,1.00,0.00,0.49,0.22,3
497,0.38,0.49,0.54,1.00,0.50,0.00,0.50,0.27,3
498,0.43,0.32,0.56,0.27,0.50,0.00,0.47,0.27,2
499,0.84,0.87,0.45,0.54,0.50,0.00,0.28,0.22,4
500,0.27,0.56,0.56,0.18,0.50,0.00,0.52,0.22,3
501,0.89,0.82,0.60,0.49,0.50,0.00,0.55,0.22,6
502,0.86,0.92,0.50,0.37,1.00,0.00,0.53,0.32,10
503,0.37,0.55,0.29,0.32,0.50,0.00,0.51,0.22,7
504,0.87,0.83,0.57,0.36,0.50,0.00,0.36,0.22,5
505,0.43,0.45,0.54,0.14,0.50,0.00,0.50,0.31,3
506,0.52,0.48,0.54,0.28,0.50,0.00,0.54,0.22,2
507,0.77,0.60,0.42,0.33,0.50,0.00,0.57,0.22,6
508,0.76,0.74,0.56,0.34,0.50,0.00,0.51,0.30,6
509,0.58,0.76,0.40,0.37,0.50,0.00,0.54,0.30,6
510,0.94,0.60,0.33,0.49,0.50,0.00,0.54,0.22,6
511,0.36,0.44,0.57,0.18,0.50,0.00,0.42,0.22,1
512,0.42,0.51,0.39,0.22,0.50,0.00,0.49,0.26,7
513,0.52,0.48,0.58,0.55,0.50,0.00,0.48,0.22,3
514,0.42,0.32,0.48,0.16,0.50,0.00,0.55,0.22,8
515,0.43,0.38,0.51,0.24,0.50,0.00,0.46,0.33,2
516,0.48,0.57,0.52,0.61,0.50,0.00,0.51,0.22,1
517,0.83,0.53,0.52,0.20,0.50,0.00,0.48,0.25,6
518,0.36,0.34,0.46,0.19,0.50,0.00,0.52,0.22,6
519,0.51,0.43,0.47,0.19,0.50,0.00,0.52,0.37,3
520,0.54,0.54,0.49,0.14,0.50,0.00,0.56,0.22,3
521,0.44,0.41,0.44,0.13,0.50,0.00,0.49,0.42,2
522,0.52,0.62,0.54,0.19,0.50,0.00,0.50,0.22,1
523,0.46,0.40,0.38,0.18,0.50,0.00,0.49,0.22,7
524,0.68,0.50,0.55,0.65,0.50,0.00,0.46,0.31,1
525,0.53,0.44,0.47,0.22,0.50,0.00,0.53,0.22,2
526,0.48,0.48,0.50,0.47,0.50,0.00,0.55,0.22,1
527,0.46,0.14,0.36,0.21,0.50,0.00,0.50,0.25,7
528,0.50,0.45,0.48,0.17,0.50,0.00,0.50,0.26,3
529,0.44,0.53,0.43,0.17,0.50,0.00,0.54,0.75,2
530,0.46,0.47,0.46,0.16,0.50,0.00,0.51,0.22,3
531,0.52,0.49,0.57,0.57,0.50,0.00,0.51,0.22,2
532,0.62,0.64,0.56,0.20,0.50,0.00,0.48,0.33,2
533,0.46,0.32,0.58,0.17,0.50,0.00,0.61,0.25,2
534,0.78,0.48,0.47,0.30,0.50,0.00,0.53,0.47,6
535,0.49,0.62,0.65,0.18,0.50,0.00,0.46,0.43,2
536,0.50,0.34,0.62,0.19,0.50,0.00,0.57,0.22,3
537,0.39,0.37,0.33,0.23,0.50,0.00,0.53,0.26,7
538,0.39,0.37,0.56,0.15,0.50,0.00,0.50,0.27,3
539,0.33,0.37,0.54,0.28,0.50,0.00,0.53,0.27,2
540,0.39,0.37,0.33,0.23,0.50,0.00,0.52,0.26,7
541,0.33,0.38,0.53,0.26,0.50,0.00,0.52,0.27,2
542,0.48,0.51,0.57,0.24,0.50,0.00,0.50,0.22,3
543,0.50,0.62,0.54,0.66,0.50,0.00,0.49,0.22,1
544,0.47,0.54,0.54,0.48,0.50,0.00,0.53,0.26,1
545,0.72,0.58,0.42,0.28,0.50,0.00,0.48,0.22,1
546,0.41,0.41,0.51,0.19,0.50,0.00,0.57,0.22,1
547,0.81,0.65,0.52,0.41,0.50,0.00,0.57,0.26,1
548,0.50,0.49,0.52,0.20,0.50,0.00,0.43,0.52,2
549,0.18,0.48,0.46,0.12,0.50,0.00,0.00,0.25,2
550,0.26,0.38,0.52,0.36,0.50,0.00,0.48,0.56,2
551,0.53,0.51,0.51,0.11,0.50,0.00,0.49,0.41,2
552,0.58,0.49,0.50,0.41,0.50,0.00,0.57,0.22,1
553,0.62,0.60,0.47,0.16,0.50,0.00,0.53,0.22,3
554,0.68,0.58,0.51,0.19,0.50,0.83,0.54,0.22,9
555,0.40,0.52,0.53,0.52,0.50,0.00,0.51,0.22,1
556,0.51,0.47,0.41,0.44,0.50,0.00,0.50,0.22,7
557,0.72,0.56,0.40,0.26,0.50,0.00,0.51,0.26,6
558,0.49,0.44,0.45,0.22,0.50,0.00,0.51,0.22,3
559,0.32,0.47,0.55,0.25,0.50,0.00,0.49,0.22,1
560,0.46,0.57,0.52,0.28,0.50,0.00,0.52,0.22,2
561,0.53,0.48,0.45,0.44,0.50,0.00,0.49,0.27,1
562,0.49,0.48,0.46,0.63,0.50,0.00,0.52,0.22,1
563,0.70,0.53,0.42,0.22,0.50,0.00,0.51,0.28,2
564,0.68,0.68,0.49,0.15,0.50,0.00,0.53,0.22,5
565,0.47,0.60,0.35,0.21,0.50,0.00,0.52,0.22,7
566,0.55,0.49,0.45,0.18,0.50,0.00,0.49,0.22,2
567,0.40,0.53,0.61,0.21,0.50,0.00,0.48,0.33,2
568,0.57,0.44,0.42,0.20,0.50,0.00,0.54,0.22,3
569,0.40,0.47,0.48,0.18,0.50,0.00,0.46,0.22,3
570,0.34,0.54,0.54,0.13,0.50,0.00,0.52,0.22,3
571,0.43,0.83,0.55,0.20,0.50,0.00,0.47,0.40,2
572,0.55,0.65,0.50,0.28,0.50,0.00,0.55,0.22,2
573,0.29,0.46,0.54,0.27,0.50,0.00,0.49,0.22,3
574,0.46,0.42,0.60,0.21,0.50,0.00,0.40,0.22,5
575,0.80,0.81,0.55,0.35,0.50,0.00,0.42,0.22,5
576,0.79,0.74,0.49,0.33,0.50,0.00,0.48,0.22,5
577,0.45,0.48,0.63,0.67,0.50,0.00,0.48,0.22,1
578,0.66,0.52,0.52,0.44,0.50,0.00,0.56,0.27,1
579,0.50,0.49,0.59,0.47,0.50,0.00,0.49,0.36,1
580,0.54,0.52,0.54,0.20,0.50,0.00,0.55,0.25,2
581,0.37,0.31,0.53,0.16,0.50,0.00,0.53,0.44,2
582,0.43,0.39,0.59,0.13,0.50,0.00,0.41,0.43,2
583,0.48,0.47,0.54,0.55,0.50,0.00,0.51,0.65,1
584,0.60,0.59,0.45,0.23,0.50,0.00,0.55,0.22,1
585,0.45,0.73,0.47,0.65,0.50,0.00,0.54,0.43,1
586,0.66,0.54,0.49,0.16,0.50,0.00,0.54,0.36,2
587,0.46,0.55,0.61,0.13,0.50,0.00,0.47,0.22,3
588,0.42,0.50,0.53,0.22,0.50,0.83,0.50,0.22,9
589,0.66,0.66,0.32,0.54,0.50,0.00,0.51,0.22,6
590,0.74,0.56,0.35,0.36,0.50,0.00,0.51,0.25,6
591,0.89,0.52,0.41,0.26,0.50,0.00,0.52,0.31,6
592,0.67,0.51,0.54,0.21,0.50,0.00,0.43,0.30,1
593,0.58,0.46,0.46,0.34,0.50,0.00,0.50,0.43,2
594,0.40,0.68,0.50,0.82,0.50,0.00,0.44,0.36,1
595,0.59,0.57,0.43,0.26,0.50,0.00,0.51,0.22,1
596,0.39,0.30,0.56,0.12,0.50,0.00,0.53,0.38,2
597,0.60,0.62,0.54,0.40,0.50,0.00,0.50,0.22,1
598,0.36,0.40,0.53,0.48,0.50,0.00,0.48,0.22,1
599,0.51,0.42,0.56,0.38,0.50,0.00,0.46,0.22,1
600,0.41,0.54,0.58,0.20,0.50,0.00,0.52,0.22,1
601,0.57,0.40,0.62,0.30,0.50,0.00,0.48,0.11,1
602,0.52,0.50,0.59,0.31,0.50,0.00,0.50,0.22,1
603,0.42,0.53,0.53,0.64,0.50,0.00,0.47,0.22,1
604,0.50,0.46,0.64,0.36,0.50,0.00,0.49,0.22,1
605,0.60,0.51,0.60,0.38,0.50,0.83,0.52,0.24,1
606,0.45,0.38,0.64,0.14,0.50,0.00,0.54,0.22,1
607,0.60,0.57,0.64,0.52,0.50,0.00,0.47,0.28,1
608,0.53,0.42,0.58,0.29,0.50,0.00,0.50,0.22,1
609,0.41,0.52,0.53,0.41,0.50,0.00,0.39,0.33,1
610,0.45,0.43,0.63,0.40,0.50,0.00,0.59,0.11,1
611,0.44,0.44,0.67,0.35,0.50,0.00,0.48,0.26,1
612,0.58,0.52,0.61,0.33,0.50,0.00,0.38,0.11,1
613,0.57,0.61,0.55,0.27,0.50,0.00,0.44,0.21,1
614,0.57,0.58,0.58,0.35,0.50,0.00,0.49,0.22,1
615,0.64,0.64,0.56,0.21,0.50,0.00,0.50,0.22,1
616,0.56,0.50,0.61,0.49,0.50,0.00,0.46,0.28,1
617,0.60,0.46,0.59,0.16,0.50,0.00,0.49,0.22,1
618,0.36,0.38,0.56,0.44,0.50,0.00,0.48,0.22,1
619,0.53,0.52,0.61,0.35,0.50,0.00,0.50,0.22,1
620,0.62,0.59,0.54,0.47,0.50,0.00,0.46,0.22,1
621,0.55,0.50,0.60,0.31,0.50,0.00,0.46,0.27,1
622,0.58,0.53,0.57,0.46,0.50,0.00,0.51,0.27,1
623,0.65,0.53,0.55,0.52,0.50,0.00,0.47,0.27,1
624,0.38,0.54,0.54,0.41,0.50,0.00,0.51,0.22,1
625,0.58,0.53,0.50,0.53,0.50,0.00,0.47,0.31,1
626,0.61,0.46,0.51,0.37,0.50,0.00,0.51,0.22,1
627,0.55,0.59,0.47,0.64,0.50,0.00,0.54,0.33,1
628,0.54,0.64,0.50,0.13,0.50,0.00,0.49,0.22,1
629,0.40,0.74,0.49,0.16,0.50,0.00,0.51,0.22,1
630,0.76,0.76,0.35,0.27,0.50,0.00,0.44,0.22,4
631,0.51,0.56,0.51,0.42,0.50,0.00,0.53,0.36,1
632,0.43,0.32,0.50,0.29,0.50,0.00,0.50,0.22,1
633,0.49,0.44,0.45,0.55,0.50,0.00,0.48,0.22,1
634,0.32,0.45,0.44,0.20,0.50,0.00,0.55,0.33,2
635,0.51,0.60,0.51,0.26,0.50,0.00,0.54,0.22,2
636,0.49,0.46,0.42,0.46,0.50,0.00,0.55,0.22,2
637,0.50,0.56,0.49,0.61,0.50,0.00,0.50,0.22,1
638,0.51,0.48,0.51,0.43,0.50,0.00,0.49,0.22,1
639,0.52,0.38,0.62,0.12,0.50,0.00,0.41,0.28,2
640,0.53,0.40,0.57,0.12,0.50,0.00,0.53,0.32,2
641,0.51,0.56,0.62,0.24,0.50,0.00,0.52,0.51,2
642,0.63,0.60,0.50,0.27,0.50,0.00,0.55,0.22,1
643,0.46,0.44,0.53,0.31,0.50,0.00,0.48,0.22,1
644,0.58,0.57,0.54,0.69,0.50,0.00,0.54,0.22,1
645,0.61,0.59,0.47,0.49,0.50,0.00,0.54,0.22,1
646,0.63,0.47,0.56,0.12,0.50,0.00,0.50,0.22,1
647,0.55,0.53,0.54,0.40,0.50,0.00,0.48,0.22,1
648,0.41,0.47,0.58,0.62,0.50,0.00,0.50,0.22,1
649,0.44,0.53,0.53,0.37,0.50,0.00,0.51,0.22,1
650,0.57,0.40,0.48,0.24,0.50,0.00,0.55,0.22,3
651,0.46,0.46,0.56,0.12,0.50,0.00,0.55,0.22,1
652,0.47,0.46,0.55,0.28,0.50,0.00,0.44,0.46,2
653,0.39,0.35,0.49,0.17,0.50,0.00,0.49,0.22,2
654,0.58,0.38,0.40,0.21,0.50,0.00,0.50,0.22,3
655,0.53,0.41,0.50,0.24,1.00,0.00,0.47,0.22,3
656,0.43,0.40,0.50,0.18,0.50,0.00,0.50,0.28,3
657,0.41,0.59,0.46,0.19,0.50,0.00,0.36,0.22,5
658,0.58,0.56,0.52,0.25,0.50,0.00,0.57,0.35,2
659,0.51,0.65,0.53,0.19,0.50,0.00,0.49,0.22,5
660,0.81,0.79,0.32,0.37,0.50,0.00,0.41,0.22,4
661,0.44,0.41,0.29,0.21,0.50,0.00,0.49,0.22,7
662,0.49,0.60,0.55,0.17,0.50,0.00,0.44,0.22,3
663,0.56,0.63,0.52,0.20,0.50,0.00,0.34,0.26,2
664,0.42,0.28,0.57,0.18,0.50,0.00,0.42,0.22,2
665,0.51,0.46,0.54,0.41,0.50,0.00,0.53,0.22,1
666,0.60,0.51,0.52,0.45,0.50,0.00,0.50,0.27,1
667,0.37,0.41,0.45,0.14,0.50,0.00,0.47,0.22,3
668,0.37,0.51,0.57,0.40,0.50,0.00,0.48,0.27,1
669,0.36,0.39,0.55,0.26,0.50,0.00,0.49,0.22,2
670,0.50,0.36,0.53,0.41,0.50,0.00,0.55,0.36,3
671,0.59,0.58,0.39,0.52,0.50,0.00,0.50,0.31,3
672,0.78,0.63,0.53,0.13,0.50,0.00,0.54,0.22,6
673,0.47,0.59,0.37,0.31,0.50,0.00,0.51,0.36,2
674,0.48,0.62,0.52,0.30,0.50,0.00,0.51,0.37,2
675,0.53,0.61,0.51,0.49,0.50,0.00,0.54,0.27,1
676,0.48,0.54,0.53,0.60,0.50,0.00,0.53,0.31,2
677,0.33,0.46,0.53,0.29,0.50,0.00,0.50,0.55,2
678,0.36,0.44,0.51,0.17,0.50,0.00,0.60,0.19,2
679,0.39,0.34,0.68,0.30,0.50,0.00,0.50,0.29,2
680,0.11,0.41,0.67,0.13,0.50,0.00,0.45,0.29,2
681,0.40,0.53,0.44,0.18,0.50,0.00,0.54,0.31,2
682,0.47,0.50,0.55,0.19,0.50,0.00,0.62,0.22,3
683,0.35,0.50,0.44,0.27,0.50,0.00,0.51,0.22,3
684,0.36,0.30,0.50,0.19,0.50,0.00,0.55,0.30,2
685,0.49,0.44,0.51,0.18,0.50,0.00,0.52,0.27,3
686,0.35,0.44,0.54,0.26,0.50,0.00,0.52,0.26,2
687,0.43,0.28,0.53,0.34,0.50,0.00,0.55,0.57,2
688,0.33,0.48,0.55,0.16,0.50,0.00,0.53,0.75,2
689,0.45,0.21,0.49,0.24,0.50,0.00,0.46,0.31,2
690,0.44,0.34,0.61,0.13,0.50,0.00,0.49,0.26,2
691,0.87,0.47,0.60,0.47,0.50,0.00,0.59,0.22,2
692,0.30,0.55,0.58,0.16,0.50,0.00,0.61,0.28,2
693,0.29,0.34,0.55,0.24,0.50,0.00,0.51,0.22,3
694,0.75,0.67,0.51,0.29,0.50,0.00,0.52,0.36,1
695,0.47,0.47,0.50,0.15,0.50,0.00,0.50,0.48,2
696,0.51,0.34,0.49,0.16,0.50,0.00,0.53,0.21,2
697,0.64,0.76,0.51,0.18,0.50,0.00,0.46,0.22,2
698,0.45,0.41,0.58,0.48,0.50,0.00,0.53,0.64,2
699,0.90,0.54,0.59,0.20,0.50,0.00,0.48,0.22,2
700,0.88,0.59,0.54,0.39,0.50,0.00,0.41,0.30,2
701,0.70,0.51,0.47,0.24,0.50,0.00,0.53,0.25,2
702,0.25,0.36,0.58,0.30,0.50,0.00,0.58,0.31,2
703,0.69,0.62,0.49,0.00,1.00,0.00,0.47,0.22,2
704,0.83,0.57,0.42,0.57,0.50,0.00,0.50,0.32,6
705,0.43,0.38,0.38,0.12,0.50,0.00,0.50,0.22,6
706,0.78,0.65,0.40,0.16,0.50,0.00,0.63,0.22,1
707,0.52,0.64,0.34,0.16,0.50,0.00,0.57,0.22,1
708,0.75,0.66,0.64,0.39,0.50,0.00,0.46,0.32,1
709,0.41,0.49,0.58,0.22,0.50,0.00,0.52,0.22,1
710,0.58,0.51,0.56,0.16,0.50,0.00,0.34,0.22,2
711,0.48,0.49,0.45,0.23,0.50,0.00,0.51,0.22,7
712,0.39,0.42,0.49,0.10,0.50,0.00,0.49,0.65,2
713,0.31,0.42,0.48,0.17,0.50,0.00,0.49,0.53,2
714,0.39,0.28,0.54,0.14,0.50,0.00,0.59,0.22,1
715,0.76,0.67,0.37,0.22,0.50,0.00,0.54,0.22,6
716,0.49,0.27,0.57,0.18,0.50,0.83,0.54,0.22,9
717,0.28,0.48,0.56,0.16,0.50,0.00,0.48,0.26,3
718,0.69,0.39,0.52,0.12,0.50,0.00,0.38,0.35,3
719,0.64,0.52,0.50,0.26,0.50,0.00,0.51,0.31,2
720,0.56,0.48,0.50,0.30,0.50,0.00,0.51,0.22,3
721,0.50,0.50,0.54,0.16,0.50,0.00,0.49,0.22,9
722,0.47,0.43,0.59,0.27,0.50,0.00,0.55,0.22,9
723,0.68,0.59,0.44,0.49,0.50,0.00,0.40,0.26,9
724,0.50,0.51,0.57,0.27,0.50,0.00,0.48,0.22,9
725,0.45,0.46,0.61,0.20,0.50,0.00,0.62,0.22,3
726,0.53,0.51,0.36,0.13,0.50,0.00,0.52,0.22,7
727,0.60,0.54,0.54,0.53,0.50,0.00,0.52,0.27,1
728,0.49,0.52,0.53,0.70,0.50,0.00,0.51,0.22,1
729,0.49,0.45,0.53,0.16,0.50,0.00,0.49,0.31,3
730,0.51,0.46,0.57,0.25,0.50,0.00,0.53,0.22,3
731,0.49,0.45,0.46,0.18,0.50,0.00,0.49,0.31,3
732,0.52,0.46,0.51,0.18,0.50,0.00,0.50,0.22,3
733,0.55,0.59,0.52,0.10,0.50,0.00,0.53,0.22,3
734,0.39,0.58,0.50,0.10,0.50,0.00,0.51,0.25,3
735,0.70,0.84,0.49,0.28,1.00,0.00,0.58,0.22,10
736,0.33,0.38,0.45,0.19,0.50,0.00,0.54,0.37,2
737,0.61,0.46,0.44,0.47,0.50,0.00,0.50,0.37,2
738,0.41,0.48,0.38,0.13,0.50,0.00,0.51,0.35,7
739,0.37,0.42,0.60,0.13,0.50,0.00,0.51,0.22,2
740,0.45,0.58,0.59,0.44,0.50,0.00,0.56,0.22,1
741,0.74,0.89,0.32,0.24,0.50,0.00,0.54,0.32,4
742,0.28,0.46,0.26,0.18,0.50,0.00,0.39,0.22,8
743,0.51,0.46,0.49,0.21,0.50,0.00,0.55,0.22,8
744,0.80,0.82,0.57,0.26,0.50,0.00,0.57,0.27,8
745,0.46,0.49,0.45,0.28,0.50,0.00,0.55,0.22,8
746,0.40,0.36,0.55,0.15,0.50,0.00,0.53,0.22,8
747,0.67,0.46,0.58,0.30,0.50,0.00,0.57,0.27,2
748,0.50,0.32,0.49,0.49,0.50,0.00,0.48,0.32,1
749,0.45,0.53,0.47,0.43,0.50,0.00,0.50,0.27,1
750,0.75,0.60,0.43,0.35,0.50,0.00,0.45,0.27,1
751,0.56,0.68,0.52,0.39,0.50,0.00,0.36,0.22,1
752,0.48,0.45,0.59,0.35,0.50,0.00,0.55,0.30,1
753,0.26,0.28,0.60,0.20,0.50,0.00,0.54,0.31,1
754,0.59,0.45,0.58,0.21,0.50,0.00,0.49,0.22,1
755,0.48,0.52,0.49,0.35,0.50,0.50,0.51,0.22,1
756,0.59,0.58,0.47,0.61,0.50,0.00,0.44,0.30,1
757,0.50,0.57,0.62,0.25,0.50,0.00,0.51,0.22,1
758,0.57,0.49,0.50,0.20,0.50,0.00,0.51,0.28,3
759,0.62,0.43,0.49,0.29,0.50,0.00,0.50,0.27,3
760,0.45,0.41,0.49,0.14,1.00,0.00,0.53,0.30,3
761,0.47,0.49,0.60,0.15,0.50,0.00,0.38,0.22,3
762,0.41,0.48,0.54,0.24,0.50,0.00,0.37,0.51,2
763,0.46,0.46,0.53,0.23,0.50,0.00,0.51,0.22,3
764,0.48,0.42,0.48,0.19,0.50,0.00,0.58,0.22,3
765,0.43,0.45,0.53,0.19,0.50,0.00,0.56,0.22,3
766,0.28,0.36,0.55,0.15,0.50,0.00,0.57,0.22,3
767,0.48,0.46,0.58,0.26,0.50,0.00,0.44,0.22,2
768,0.74,0.72,0.50,0.28,0.50,0.00,0.50,0.27,5
769,0.74,0.72,0.50,0.28,0.50,0.00,0.49,0.27,5
770,0.38,0.62,0.52,0.14,0.50,0.00,0.53,0.22,3
771,0.77,0.72,0.48,0.26,0.50,0.00,0.51,0.22,5
772,0.44,0.42,0.57,0.22,0.50,0.00,0.50,0.25,2
773,0.74,0.74,0.51,0.27,0.50,0.00,0.50,0.22,5
774,0.39,0.81,0.35,0.28,0.50,0.00,0.51,0.45,7
775,0.53,0.54,0.43,0.18,0.50,0.00,0.53,0.31,2
776,0.38,0.45,0.37,0.19,0.50,0.00,0.52,0.30,7
777,0.40,0.37,0.54,0.13,0.50,0.00,0.48,0.22,2
778,0.31,0.30,0.34,0.19,0.50,0.00,0.55,0.30,7
779,0.50,0.42,0.57,0.49,0.50,0.00,0.48,0.27,2
780,0.59,0.61,0.51,0.62,0.50,0.00,0.51,0.38,1
781,0.45,0.40,0.43,0.22,0.50,0.00,0.51,0.48,2
782,0.47,0.54,0.53,0.77,0.50,0.00,0.52,0.36,1
783,0.77,0.78,0.51,0.28,0.50,0.00,0.33,0.22,5
784,0.74,0.71,0.52,0.30,0.50,0.00,0.27,0.22,5
785,0.77,0.73,0.51,0.27,0.50,0.00,0.34,0.22,5
786,0.47,0.61,0.50,0.23,0.50,0.00,0.49,0.22,7
787,0.78,0.69,0.44,0.26,0.50,0.00,0.54,0.22,4
788,0.49,0.60,0.30,0.34,0.50,0.00,0.50,0.43,7
789,0.27,0.56,0.30,0.14,0.50,0.00,0.52,0.39,7
790,0.40,0.39,0.33,0.17,0.50,0.00,0.51,0.31,8
791,0.55,0.51,0.54,0.20,0.50,0.00,0.56,0.22,3
792,0.95,0.71,0.27,0.39,0.50,0.00,0.31,0.22,6
793,0.97,0.71,0.29,0.42,0.50,0.00,0.35,0.22,6
794,0.44,0.43,0.34,0.21,0.50,0.00,0.55,0.40,7
795,0.39,0.49,0.30,0.19,0.50,0.00,0.52,0.31,7
796,0.38,0.48,0.51,0.13,0.50,0.00,0.50,0.32,2
797,0.37,0.51,0.39,0.18,0.50,0.00,0.51,0.27,7
798,0.27,0.49,0.36,0.26,0.50,0.00,0.49,0.26,7
799,0.49,0.48,0.52,0.20,0.50,0.00,0.55,0.22,2
800,0.36,0.39,0.54,0.16,0.50,0.00,0.50,0.28,2
801,0.54,0.53,0.48,0.14,0.50,0.00,0.49,0.33,2
802,0.37,0.48,0.50,0.26,0.50,0.00,0.52,0.39,2
803,0.25,0.39,0.50,0.23,0.50,0.00,0.50,0.28,2
804,0.49,0.71,0.54,0.13,0.50,0.00,0.58,0.22,2
805,0.56,0.50,0.56,0.26,0.50,0.00,0.53,0.27,2
806,0.41,0.53,0.41,0.15,0.50,0.00,0.54,0.25,2
807,0.50,0.45,0.53,0.21,0.50,0.00,0.28,0.22,2
808,0.46,0.37,0.48,0.36,0.50,0.00,0.48,0.22,9
809,0.66,0.55,0.34,0.20,0.50,0.00,0.62,0.22,7
810,0.42,0.65,0.58,0.34,0.50,0.00,0.50,0.22,1
811,0.45,0.47,0.53,0.15,0.50,0.00,0.52,0.27,3
812,0.42,0.28,0.51,0.23,0.50,0.00,0.53,0.27,2
813,0.51,0.48,0.46,0.29,0.50,0.00,0.54,0.22,3
814,0.75,0.69,0.48,0.13,0.50,0.00,0.57,0.40,8
815,0.69,0.70,0.50,0.30,0.50,0.00,0.54,0.22,8
816,0.63,0.55,0.53,0.51,0.50,0.00,0.55,0.22,8
817,0.55,0.63,0.54,0.16,0.50,0.00,0.45,0.27,3
818,0.46,0.62,0.54,0.25,0.50,0.00,0.46,0.22,3
819,0.53,0.59,0.48,0.14,0.50,0.00,0.51,0.22,3
820,0.42,0.53,0.57,0.17,0.50,0.00,0.49,0.22,3
821,0.52,0.46,0.56,0.20,0.50,0.00,0.50,0.22,3
822,0.53,0.43,0.57,0.24,0.50,0.00,0.39,0.28,3
823,0.33,0.35,0.56,0.19,0.50,0.00,0.50,0.22,2
824,0.45,0.48,0.56,0.56,0.50,0.00,0.47,0.22,2
825,0.56,0.48,0.50,0.17,0.50,0.00,0.51,0.26,3
826,0.77,0.57,0.45,0.17,0.50,0.00,0.53,0.22,3
827,0.56,0.59,0.54,0.18,0.50,0.00,0.48,0.46,2
828,0.33,0.39,0.52,0.09,0.50,0.00,0.47,0.28,2
829,0.48,0.41,0.54,0.39,0.50,0.00,0.51,0.22,2
830,0.30,0.30,0.46,0.32,0.50,0.00,0.45,0.22,2
831,0.38,0.26,0.60,0.10,0.50,0.00,0.48,0.44,2
832,0.68,0.39,0.50,0.15,0.50,0.00,0.48,0.37,2
833,0.62,0.41,0.52,0.17,0.50,0.00,0.48,0.22,2
834,0.52,0.37,0.48,0.13,0.50,0.00,0.55,0.22,2
835,0.32,0.48,0.49,0.17,0.50,0.00,0.47,0.22,2
836,0.34,0.35,0.58,0.20,0.50,0.00,0.46,0.32,2
837,0.33,0.21,0.53,0.15,1.00,0.00,0.52,0.50,2
838,0.49,0.45,0.57,0.24,0.50,0.00,0.47,0.38,2
839,0.40,0.28,0.48,0.06,0.50,0.00,0.49,0.42,2
840,0.51,0.39,0.56,0.25,0.50,0.00,0.51,0.33,2
841,0.45,0.45,0.52,0.17,0.50,0.00,0.54,0.22,3
842,0.28,0.51,0.55,0.19,0.50,0.00,0.57,0.22,3
843,0.51,0.51,0.56,0.28,0.50,0.00,0.54,0.27,3
844,0.48,0.56,0.49,0.32,0.50,0.00,0.50,0.22,3
845,0.59,0.46,0.48,0.46,0.50,0.00,0.49,0.22,3
846,0.51,0.46,0.40,0.65,0.50,0.00,0.49,0.22,1
847,0.37,0.44,0.51,0.56,0.50,0.00,0.50,0.38,2
848,0.81,0.55,0.35,0.34,0.50,0.00,0.51,0.22,6
849,0.53,0.45,0.53,0.18,0.50,0.00,0.42,0.22,3
850,0.45,0.27,0.50,0.33,0.50,0.00,0.53,0.26,3
851,0.36,0.33,0.38,0.15,0.50,0.00,0.55,0.36,7
852,0.48,0.50,0.56,0.11,0.50,0.00,0.33,0.22,3
853,0.35,0.47,0.53,0.19,0.50,0.00,0.48,0.22,3
854,0.48,0.48,0.56,0.18,0.50,0.00,0.58,0.22,3
855,0.60,0.59,0.47,0.47,0.50,0.00,0.53,0.22,1
856,0.45,0.53,0.51,0.42,0.50,0.00,0.52,0.22,1
857,0.29,0.40,0.41,0.48,0.50,0.00,0.53,0.30,2
858,0.58,0.53,0.33,0.26,0.50,0.00,0.51,0.22,7
859,0.46,0.43,0.50,0.24,0.50,0.00,0.48,0.31,3
860,0.43,0.46,0.50,0.21,0.50,0.00,0.49,0.34,3
861,0.61,0.55,0.51,0.26,0.50,0.00,0.52,0.22,3
862,0.50,0.62,0.52,0.30,0.50,0.00,0.56,0.22,1
863,0.49,0.45,0.54,0.40,0.50,0.00,0.55,0.22,1
864,0.64,0.53,0.59,0.14,0.50,0.00,0.53,0.22,1
865,0.57,0.60,0.54,0.17,0.50,0.00,0.52,0.22,1
866,0.38,0.31,0.59,0.19,0.50,0.00,0.46,0.22,1
867,0.68,0.53,0.44,0.31,0.50,0.00,0.51,0.22,1
868,0.24,0.41,0.47,0.16,0.50,0.00,0.51,0.38,2
869,0.61,0.39,0.53,0.14,0.50,0.00,0.43,0.26,2
870,0.39,0.16,0.59,0.08,0.50,0.00,0.51,0.27,2
871,0.33,0.28,0.50,0.40,0.50,0.00,0.46,0.61,2
872,0.51,0.55,0.56,0.18,0.50,0.00,0.50,0.38,2
873,0.39,0.44,0.54,0.24,0.50,0.00,0.51,0.49,2
874,0.43,0.48,0.53,0.18,0.50,0.00,0.46,0.22,2
875,0.47,0.43,0.48,0.16,0.50,0.00,0.46,0.27,2
876,0.52,0.50,0.51,0.20,0.50,0.00,0.51,0.22,2
877,0.33,0.28,0.52,0.15,0.50,0.00,0.51,0.86,2
878,0.36,0.48,0.50,0.13,0.50,0.00,0.49,0.60,2
879,0.45,0.54,0.49,0.29,0.50,0.00,0.49,0.25,2
880,0.55,0.59,0.53,0.15,0.50,0.00,0.49,0.22,2
881,0.31,0.39,0.55,0.28,0.50,0.00,0.46,0.31,2
882,0.43,0.41,0.51,0.34,0.50,0.00,0.49,0.28,2
883,0.64,0.50,0.53,0.10,0.50,0.00,0.51,0.22,2
884,0.41,0.52,0.56,0.26,0.50,0.00,0.48,0.32,2
885,0.48,0.47,0.59,0.41,0.50,0.00,0.56,0.27,2
886,0.49,0.49,0.51,0.29,0.50,0.00,0.52,0.71,2
887,0.41,0.52,0.51,0.22,0.50,0.00,0.52,0.44,2
888,0.51,0.61,0.50,0.23,0.50,0.00,0.52,0.61,2
889,0.59,0.47,0.51,0.53,0.50,0.00,0.53,0.26,3
890,0.40,0.60,0.50,0.16,0.50,0.00,0.51,0.22,3
891,0.54,0.53,0.53,0.17,0.50,0.00,0.51,0.39,2
892,0.61,0.46,0.54,0.11,0.50,0.00,0.47,0.22,3
893,0.66,0.55,0.54,0.18,0.50,0.00,0.43,0.22,3
894,0.53,0.46,0.54,0.37,0.50,0.00,0.51,0.30,2
895,0.41,0.41,0.43,0.61,0.50,0.00,0.53,0.22,1
896,0.58,0.31,0.60,0.12,0.50,0.00,0.47,0.33,2
897,0.49,0.67,0.50,0.28,0.50,0.00,0.43,0.22,2
898,0.44,0.33,0.55,0.16,0.50,0.00,0.49,0.22,2
899,0.44,0.45,0.53,0.19,0.50,0.00,0.41,0.28,2
900,0.57,0.55,0.52,0.16,0.50,0.00,0.49,0.39,2
901,0.45,0.66,0.39,0.11,0.50,0.00,0.54,0.22,7
902,0.32,0.49,0.53,0.28,0.50,0.00,0.50,0.50,2
903,0.35,0.42,0.56,0.28,0.50,0.00,0.47,0.22,2
904,0.46,0.41,0.58,0.10,0.50,0.00,0.48,0.22,2
905,0.57,0.51,0.58,0.22,0.50,0.00,0.51,0.22,2
906,0.47,0.47,0.54,0.19,0.50,0.00,0.51,0.33,2
907,0.34,0.58,0.50,0.26,0.50,0.00,0.51,0.22,2
908,0.55,0.45,0.58,0.25,0.50,0.00,0.49,0.22,2
909,0.40,0.66,0.34,0.21,0.50,0.00,0.52,0.26,2
910,0.42,0.21,0.59,0.30,0.50,0.00,0.47,0.27,2
911,0.60,0.48,0.46,0.32,0.50,0.00,0.40,0.33,3
912,0.64,0.44,0.51,0.35,0.50,0.00,0.53,0.22,3
913,0.35,0.40,0.44,0.25,0.50,0.00,0.53,0.57,2
914,0.55,0.38,0.64,0.42,0.50,0.00,0.47,0.22,1
915,0.45,0.43,0.50,0.25,0.50,0.00,0.47,0.22,1
916,0.47,0.53,0.48,0.51,0.50,0.00,0.54,0.22,1
917,0.45,0.49,0.57,0.25,0.50,0.00,0.48,0.22,2
918,0.45,0.52,0.50,0.12,0.50,0.00,0.60,0.22,3
919,0.56,0.51,0.32,0.49,0.50,0.00,0.48,0.22,2
920,0.37,0.58,0.50,0.22,0.50,0.00,0.47,0.22,2
921,0.47,0.45,0.51,0.33,0.50,0.00,0.46,0.26,2
922,0.50,0.36,0.64,0.37,0.50,0.00,0.37,0.33,2
923,0.43,0.44,0.64,0.19,0.50,0.00,0.38,0.33,2
924,0.38,0.40,0.59,0.25,0.50,0.00,0.44,0.22,3
925,0.39,0.39,0.59,0.25,0.50,0.00,0.45,0.22,3
926,0.54,0.55,0.56,0.14,0.50,0.00,0.50,0.25,3
927,0.45,0.50,0.57,0.29,0.50,0.00,0.44,0.11,3
927,0.45,0.50,0.57,0.29,0.50,0.00,0.44,0.11,3
928,0.61,0.38,0.57,0.36,0.50,0.00,0.44,0.21,3
928,0.61,0.38,0.57,0.36,0.50,0.00,0.44,0.21,3
929,0.43,0.33,0.54,0.37,0.50,0.00,0.38,0.16,3
930,0.43,0.33,0.54,0.37,0.50,0.00,0.38,0.16,3
931,0.51,0.39,0.58,0.19,0.50,0.00,0.47,0.22,3
932,0.72,0.51,0.52,0.08,0.50,0.00,0.54,0.22,2
933,0.35,0.41,0.53,0.27,0.50,0.00,0.47,0.29,2
934,0.56,0.49,0.54,0.15,0.50,0.00,0.50,0.35,2
935,0.57,0.37,0.43,0.27,0.50,0.00,0.53,0.28,2
936,0.57,0.49,0.61,0.26,0.50,0.00,0.52,0.22,2
937,0.48,0.45,0.63,0.19,0.50,0.00,0.58,0.22,2
938,0.34,0.48,0.47,0.19,0.50,0.00,0.50,0.30,2
939,0.54,0.57,0.55,0.18,0.50,0.00,0.50,0.22,2
940,0.38,0.44,0.55,0.44,0.50,0.00,0.47,0.51,2
941,0.40,0.30,0.57,0.13,0.50,0.00,0.46,0.22,2
942,0.27,0.31,0.55,0.13,0.50,0.00,0.50,0.22,2
943,0.52,0.46,0.56,0.25,0.50,0.00,0.52,0.22,2
944,0.44,0.50,0.55,0.24,0.50,0.00,0.48,0.22,2
945,0.34,0.47,0.48,0.32,0.50,0.00,0.42,0.22,2
946,0.50,0.56,0.63,0.25,0.50,0.00,0.42,0.22,2
947,0.46,0.53,0.47,0.37,0.50,0.00,0.51,0.36,2
948,0.31,0.60,0.65,0.18,0.50,0.00,0.46,0.22,2
949,0.57,0.42,0.63,0.22,0.50,0.00,0.68,0.32,2
950,0.37,0.45,0.53,0.14,0.50,0.00,0.49,0.22,2
951,0.38,0.38,0.54,0.24,0.50,0.00,0.54,0.22,2
952,0.36,0.49,0.55,0.21,0.50,0.00,0.55,0.33,2
953,0.29,0.40,0.50,0.16,0.50,0.00,0.51,0.34,2
954,0.37,0.30,0.51,0.15,0.50,0.00,0.58,0.26,2
955,0.35,0.33,0.48,0.42,0.50,0.00,0.47,0.43,3
956,0.46,0.35,0.69,0.18,0.50,0.00,0.30,0.25,3
956,0.46,0.35,0.69,0.18,0.50,0.00,0.30,0.25,3
957,0.57,0.43,0.52,0.30,0.50,0.00,0.37,0.11,3
958,0.57,0.43,0.52,0.30,0.50,0.00,0.37,0.11,3
959,0.59,0.51,0.48,0.12,0.50,0.00,0.54,0.31,3
959,0.59,0.51,0.48,0.12,0.50,0.00,0.54,0.31,3
960,0.61,0.53,0.59,0.17,0.50,0.00,0.44,0.28,3
961,0.61,0.48,0.56,0.19,0.50,0.00,0.53,0.31,3
961,0.61,0.48,0.56,0.19,0.50,0.00,0.53,0.31,3
962,0.44,0.56,0.52,0.18,0.50,0.00,0.50,0.11,3
963,0.36,0.56,0.52,0.18,0.50,0.00,0.45,0.16,3
964,0.37,0.44,0.64,0.48,0.50,0.00,0.36,0.27,3
965,0.72,0.37,0.63,0.38,0.50,0.00,0.40,0.14,3
965,0.72,0.37,0.63,0.38,0.50,0.00,0.40,0.14,3
966,0.44,0.36,0.64,0.45,0.50,0.00,0.53,0.11,3
967,0.58,0.45,0.55,0.27,0.50,0.00,0.48,0.11,3
968,0.63,0.64,0.45,0.26,0.50,0.00,0.43,0.22,3
968,0.63,0.64,0.45,0.26,0.50,0.00,0.43,0.22,3
969,0.43,0.33,0.67,0.12,0.50,0.00,0.45,0.23,3
970,0.43,0.33,0.67,0.12,0.50,0.00,0.43,0.23,3
971,0.58,0.44,0.50,0.26,0.50,0.00,0.52,0.22,3
972,0.38,0.43,0.53,0.22,0.50,0.00,0.48,0.11,3
973,0.40,0.45,0.61,0.29,0.50,0.00,0.44,0.22,3
974,0.40,0.45,0.61,0.29,0.50,0.00,0.44,0.22,3
975,0.34,0.34,0.65,0.40,0.50,0.00,0.32,0.16,3
975,0.34,0.34,0.65,0.40,0.50,0.00,0.32,0.16,3
976,0.43,0.22,0.79,0.79,0.50,0.00,0.22,0.00,3
977,0.35,0.21,1.00,0.80,0.50,0.00,0.13,0.01,3
977,0.35,0.21,1.00,0.80,0.50,0.00,0.13,0.01,3
978,0.56,0.35,0.47,0.41,0.50,0.00,0.50,0.22,3
979,0.56,0.35,0.47,0.35,0.50,0.00,0.52,0.22,3
980,0.54,0.44,0.55,0.48,0.50,0.00,0.47,0.22,3
981,0.35,0.39,0.56,0.20,0.50,0.00,0.49,0.41,3
982,0.48,0.46,0.58,0.16,0.50,0.00,0.45,0.22,3
983,0.48,0.55,0.48,0.10,0.50,0.00,0.55,0.22,3
984,0.66,0.60,0.52,0.19,0.50,0.00,0.69,0.22,3
985,0.69,0.54,0.55,0.23,0.50,0.00,0.73,0.22,3
986,0.73,0.60,0.47,0.20,0.50,0.00,0.72,0.22,3
987,0.78,0.82,0.56,0.21,0.50,0.00,0.69,0.22,3
988,0.42,0.49,0.49,0.36,0.50,0.00,0.57,0.26,1
989,0.44,0.62,0.53,0.27,0.50,0.00,0.49,0.22,2
990,0.56,0.61,0.52,0.19,0.50,0.00,0.52,0.32,2
991,0.47,0.56,0.46,0.50,0.50,0.00,0.51,0.22,1
992,0.46,0.33,0.45,0.22,0.50,0.00,0.41,0.37,3
993,0.52,0.43,0.61,0.22,0.50,0.00,0.45,0.22,3
994,0.52,0.43,0.61,0.22,0.50,0.00,0.45,0.22,3
995,0.32,0.44,0.54,0.21,0.50,0.00,0.40,0.19,3
995,0.32,0.44,0.54,0.21,0.50,0.00,0.40,0.19,3
996,0.48,0.41,0.52,0.33,0.50,0.00,0.51,0.26,3
997,0.46,0.39,0.54,0.22,0.50,0.00,0.48,0.25,3
997,0.46,0.39,0.54,0.22,0.50,0.00,0.48,0.25,3
998,0.42,0.50,0.64,0.13,0.50,0.00,0.49,0.22,3
999,0.46,0.54,0.59,0.41,0.50,0.00,0.53,0.21,3
1000,0.46,0.54,0.59,0.41,0.50,0.00,0.53,0.21,3
1001,0.39,0.65,0.57,0.19,0.50,0.00,0.44,0.25,3
1002,0.39,0.65,0.57,0.19,0.50,0.00,0.43,0.25,3
1003,0.38,0.50,0.52,0.44,0.50,0.00,0.54,0.11,3
1003,0.38,0.50,0.52,0.44,0.50,0.00,0.54,0.11,3
1004,0.51,0.52,0.58,0.17,0.50,0.00,0.47,0.28,3
1005,0.57,0.48,0.54,0.22,0.50,0.00,0.50,0.11,3
1006,0.50,0.50,0.62,0.23,0.50,0.00,0.35,0.11,3
1007,0.41,0.49,0.65,0.28,0.50,0.00,0.59,0.57,3
1008,0.53,0.57,0.60,0.36,0.50,0.00,0.50,0.22,3
1008,0.53,0.57,0.60,0.36,0.50,0.00,0.50,0.22,3
1009,0.37,0.30,0.62,0.43,0.50,0.00,0.44,0.39,3
1009,0.37,0.30,0.62,0.43,0.50,0.00,0.44,0.39,3
1010,0.60,0.57,0.52,0.14,0.50,0.00,0.46,0.48,2
1011,0.42,0.38,0.52,0.29,0.50,0.00,0.42,0.22,2
1012,0.41,0.46,0.58,0.08,0.50,0.00,0.51,0.28,2
1013,0.49,0.40,0.58,0.23,0.50,0.00,0.47,0.27,3
1014,0.37,0.37,0.51,0.38,0.50,0.00,0.44,0.22,3
1015,0.57,0.50,0.40,0.08,0.50,0.00,0.47,0.22,7
1016,0.51,0.40,0.50,0.28,0.50,0.00,0.48,0.27,3
1017,0.34,0.25,0.55,0.28,0.50,0.00,0.51,0.49,3
1018,0.77,0.86,0.44,0.27,0.50,0.00,0.48,0.22,4
1019,0.59,0.54,0.53,0.14,0.50,0.00,0.48,0.22,3
1020,0.50,0.48,0.48,0.23,0.50,0.00,0.53,0.68,3
1021,0.39,1.00,0.38,0.41,0.50,0.00,0.50,0.27,1
1022,0.56,0.42,0.52,0.14,0.50,0.00,0.51,0.22,3
1023,0.39,0.46,0.33,0.18,0.50,0.00,0.53,0.22,7
1024,0.52,0.54,0.47,0.49,0.50,0.00,0.54,0.22,1
1025,0.46,0.49,0.55,0.18,0.50,0.00,0.56,0.22,2
1026,0.56,0.65,0.49,0.56,0.50,0.00,0.49,0.22,1
1027,0.53,0.51,0.55,0.57,0.50,0.00,0.46,0.22,1
1028,0.54,0.64,0.40,0.56,0.50,0.00,0.51,0.22,1
1029,0.47,0.58,0.47,0.52,0.50,0.00,0.54,0.22,1
1030,0.46,0.42,0.51,0.16,0.50,0.00,0.56,0.22,3
1031,0.60,0.51,0.49,0.18,0.50,0.00,0.53,0.38,3
1032,0.85,0.66,0.49,0.18,0.50,0.00,0.51,0.22,4
1033,0.55,0.52,0.44,0.20,0.50,0.00,0.56,0.22,6
1034,0.49,0.38,0.56,0.09,0.50,0.00,0.46,0.22,3
1035,0.38,0.40,0.53,0.12,0.50,0.00,0.55,0.22,3
1036,0.55,0.55,0.52,0.13,0.50,0.00,0.53,0.25,3
1037,0.46,0.44,0.58,0.17,0.50,0.00,0.55,0.22,3
1038,0.34,0.46,0.52,0.19,0.50,0.00,0.53,0.26,3
1039,0.58,0.56,0.46,0.14,0.50,0.00,0.51,0.22,3
1040,0.46,0.47,0.44,0.18,1.00,0.00,0.46,0.22,6
1041,0.44,0.71,0.50,0.21,0.50,0.00,0.54,0.27,3
1042,0.56,0.49,0.32,0.22,0.50,0.00,0.50,0.22,6
1043,0.41,0.49,0.47,0.09,0.50,0.00,0.49,0.22,3
1044,0.44,0.51,0.53,0.30,0.50,0.00,0.53,0.22,3
1045,0.54,0.51,0.56,0.15,0.50,0.00,0.54,0.31,3
1046,0.51,0.51,0.32,0.27,0.50,0.00,0.54,0.22,7
1047,0.46,0.38,0.51,0.20,0.50,0.00,0.51,0.22,3
1048,0.55,0.72,0.35,0.26,0.50,0.00,0.49,0.22,7
1049,0.54,0.44,0.35,0.19,0.50,0.00,0.51,0.27,7
1050,0.65,0.66,0.37,0.12,0.50,0.00,0.52,0.27,7
1051,0.41,0.40,0.56,0.17,0.50,0.00,0.56,0.22,3
1052,0.39,0.71,0.38,0.14,0.50,0.00,0.50,0.22,6
1053,0.37,0.42,0.46,0.15,0.50,0.00,0.51,0.31,6
1054,0.59,0.55,0.57,0.18,0.50,0.00,0.51,0.22,3
1055,0.48,0.51,0.50,0.24,0.50,0.00,0.54,0.38,3
1056,0.39,0.30,0.63,0.20,0.50,0.00,0.43,0.47,3
1057,0.47,0.52,0.54,0.25,0.50,0.00,0.54,0.29,1
1058,0.77,0.82,0.40,0.36,0.50,0.00,0.38,0.22,4
1059,0.52,0.55,0.39,0.09,1.00,0.00,0.55,0.25,7
1060,0.42,0.28,0.33,0.23,0.50,0.00,0.39,0.26,7
1061,0.47,0.37,0.46,0.28,0.50,0.00,0.52,0.99,2
1062,0.48,0.50,0.47,0.29,0.50,0.00,0.46,0.27,2
1063,0.30,0.33,0.55,0.12,0.50,0.00,0.53,0.38,3
1064,0.49,0.49,0.52,0.18,0.50,0.00,0.51,0.25,2
1065,0.54,0.59,0.57,0.34,0.50,0.00,0.49,0.22,2
1066,0.70,0.78,0.53,0.24,0.50,0.00,0.48,0.22,8
1067,0.85,0.69,0.34,0.31,0.50,0.00,0.57,0.30,4
1068,0.56,0.59,0.45,0.15,0.50,0.00,0.54,0.22,1
1069,0.47,0.56,0.53,0.44,0.50,0.00,0.53,0.22,1
1070,0.53,0.49,0.47,0.21,0.50,0.00,0.53,0.22,3
1071,0.70,0.57,0.34,0.19,0.50,0.00,0.53,0.27,6
1072,0.42,0.43,0.67,0.70,0.50,0.00,0.42,0.25,3
1073,0.47,0.44,0.53,0.18,0.50,0.00,0.47,0.29,2
1074,0.40,0.49,0.53,0.23,0.50,0.00,0.44,0.26,2
1075,0.45,0.65,0.51,0.17,0.50,0.00,0.49,0.22,2
1076,0.42,0.42,0.55,0.31,0.50,0.00,0.43,0.22,2
1077,0.45,0.41,0.53,0.49,0.50,0.00,0.49,0.31,2
1078,0.42,0.28,0.49,0.22,0.50,0.00,0.55,0.34,2
1079,0.47,0.50,0.47,0.22,0.50,0.00,0.53,0.45,2
1080,0.33,0.42,0.55,0.23,0.50,0.00,0.52,0.43,2
1081,0.56,0.55,0.57,0.15,0.50,0.00,0.54,0.25,3
1082,0.37,0.47,0.49,0.12,0.50,0.00,0.47,0.31,2
1083,0.32,0.60,0.48,0.13,0.50,0.00,0.53,0.22,2
1084,0.38,0.42,0.31,0.35,0.50,0.00,0.52,0.22,7
1085,0.46,0.56,0.56,0.25,0.50,0.00,0.43,0.22,2
1086,0.47,0.55,0.57,0.17,0.50,0.00,0.52,0.66,2
1087,0.37,0.55,0.52,0.13,0.50,0.00,0.42,0.80,3
1088,0.46,0.48,0.38,0.22,0.50,0.00,0.39,0.45,7
1089,0.80,0.69,0.53,0.33,0.50,0.00,0.51,0.22,6
1090,0.52,0.65,0.36,0.37,0.50,0.00,0.52,0.34,7
1091,0.19,0.16,0.68,0.36,0.50,0.00,0.49,0.21,2
1092,0.64,0.31,0.53,0.15,0.50,0.00,0.53,0.31,3
1093,0.40,0.43,0.36,0.33,0.50,0.00,0.51,0.22,7
1094,0.47,0.56,0.51,0.20,0.50,0.00,0.52,0.59,2
1095,0.40,0.75,0.44,0.12,0.50,0.00,0.49,0.22,2
1096,0.48,0.55,0.58,0.18,0.50,0.00,0.38,0.69,2
1097,0.57,0.51,0.34,0.13,0.50,0.00,0.53,0.27,1
1098,0.23,0.37,0.32,0.13,0.50,0.00,0.53,0.22,1
1099,0.54,0.50,0.51,0.26,0.50,0.00,0.52,0.22,3
1100,0.60,0.64,0.56,0.36,0.50,0.00,0.46,0.27,3
1101,0.27,0.41,0.24,0.20,0.50,0.00,0.49,0.22,7
1102,0.25,0.35,0.22,0.18,0.50,0.00,0.46,0.22,7
1103,0.39,0.45,0.51,0.29,0.50,0.00,0.54,0.22,3
1104,0.33,0.47,0.55,0.24,0.50,0.00,0.45,0.67,2
1105,0.37,0.40,0.38,0.18,0.50,0.00,0.51,0.22,7
1106,0.43,0.47,0.47,0.18,0.50,0.00,0.47,0.22,3
1107,0.66,0.43,0.57,0.60,0.50,0.00,0.19,0.33,2
1108,0.55,0.40,0.62,0.22,0.50,0.00,0.37,0.28,2
1109,0.33,0.46,0.60,0.18,0.50,0.00,0.51,0.26,2
1110,0.51,0.50,0.54,0.11,0.50,0.00,0.60,0.22,2
1111,0.54,0.60,0.57,0.17,0.50,0.00,0.44,0.22,2
1112,0.45,0.57,0.38,0.28,0.50,0.00,0.53,0.31,7
1113,0.55,0.57,0.51,0.07,0.50,0.00,0.55,0.22,3
1114,0.54,0.47,0.58,0.40,0.50,0.00,0.46,0.27,1
1115,0.36,0.32,0.55,0.27,0.50,0.00,0.47,0.43,2
1116,0.46,0.41,0.45,0.23,0.50,0.00,0.48,0.22,2
1117,0.40,0.39,0.60,0.23,0.50,0.00,0.52,0.31,2
1118,0.52,0.47,0.58,0.18,0.50,0.00,0.34,0.11,3
1118,0.52,0.47,0.58,0.18,0.50,0.00,0.34,0.11,3
1119,0.50,0.45,0.51,0.19,0.50,0.00,0.53,0.25,3
1120,0.57,0.55,0.51,0.18,0.50,0.00,0.51,0.43,2
1121,0.44,0.43,0.46,0.28,0.50,0.00,0.45,0.29,2
1122,0.46,0.50,0.50,0.28,0.50,0.00,0.50,0.37,2
1123,0.66,0.65,0.54,0.40,0.50,0.00,0.51,0.22,5
1124,0.77,0.73,0.49,0.46,0.50,0.00,0.38,0.22,5
1125,0.38,0.58,0.46,0.21,0.50,0.00,0.52,0.22,2
1126,0.32,0.68,0.51,0.16,0.50,0.83,0.55,0.22,9
1127,0.27,0.46,0.52,0.17,0.50,0.00,0.49,0.44,2
1128,0.52,0.45,0.45,0.13,0.50,0.00,0.48,0.22,2
1129,0.37,0.29,0.45,0.15,0.50,0.00,0.49,0.22,2
1130,0.37,0.48,0.67,0.37,0.50,0.00,0.56,0.62,2
1131,0.44,0.59,0.54,0.18,0.50,0.00,0.49,0.22,2
1132,0.48,0.65,0.36,0.24,0.50,0.00,0.54,0.31,2
1133,0.59,0.49,0.45,0.22,0.50,0.00,0.45,0.31,2
1134,0.73,0.52,0.59,0.25,0.50,0.00,0.51,0.22,2
1135,0.50,0.43,0.50,0.17,0.50,0.00,0.46,0.47,2
1136,0.23,0.13,0.51,0.16,0.50,0.00,0.53,0.51,2
1137,0.49,0.60,0.54,0.35,0.50,0.00,0.53,0.46,2
1138,0.52,0.31,0.56,0.16,0.50,0.00,0.55,0.22,2
1139,0.49,0.48,0.51,0.21,0.50,0.00,0.53,0.22,2
1140,0.49,0.60,0.42,0.18,0.50,0.00,0.58,0.28,2
1141,0.60,0.62,0.54,0.11,0.50,0.00,0.51,0.22,2
1142,0.55,0.47,0.53,0.20,0.50,0.00,0.40,0.22,2
1143,0.47,0.32,0.51,0.24,0.50,0.00,0.54,0.27,2
1144,0.53,0.25,0.59,0.27,0.50,0.00,0.45,0.26,2
1145,0.31,0.50,0.54,0.32,0.50,0.00,0.53,0.31,2
1146,0.25,0.33,0.48,0.18,0.50,0.00,0.42,0.33,2
1147,0.55,0.46,0.47,0.15,0.50,0.00,0.47,0.22,7
1148,0.61,0.50,0.61,0.21,0.50,0.00,0.55,0.54,3
1149,0.50,0.52,0.51,0.22,0.50,0.00,0.46,0.37,3
1150,0.62,0.33,0.49,0.24,0.50,0.00,0.51,0.42,3
1151,0.56,0.52,0.46,0.17,0.50,0.00,0.49,0.73,3
1152,0.52,0.56,0.55,0.16,0.50,0.00,0.53,0.39,3
1153,0.53,0.48,0.51,0.18,0.50,0.00,0.52,0.27,3
1154,0.51,0.48,0.51,0.19,0.50,0.00,0.51,0.27,3
1155,0.51,0.48,0.51,0.26,0.50,0.00,0.51,0.27,3
1156,0.53,0.48,0.51,0.18,0.50,0.00,0.51,0.27,3
1157,0.60,0.46,0.51,0.10,0.50,0.00,0.48,0.31,3
1158,0.60,0.46,0.51,0.10,0.50,0.00,0.48,0.31,3
1159,0.44,0.39,0.63,0.11,0.50,0.00,0.49,0.26,2
1160,0.51,0.50,0.49,0.45,0.50,0.00,0.48,0.22,1
1161,0.45,0.45,0.51,0.30,0.50,0.00,0.48,0.44,3
1162,0.38,0.42,0.47,0.12,0.50,0.00,0.47,0.53,2
1163,0.19,0.66,0.60,0.14,0.50,0.00,0.20,0.25,2
1164,0.41,0.42,0.23,0.16,0.50,0.00,0.40,0.22,7
1165,0.25,0.42,0.21,0.14,0.50,0.00,0.41,0.22,7
1166,0.70,0.58,0.53,0.39,0.50,0.00,0.59,0.22,5
1167,0.49,0.31,0.43,0.24,0.50,0.00,0.54,0.22,7
1168,0.46,0.41,0.43,0.18,0.50,0.00,0.54,0.22,7
1169,0.83,0.81,0.45,0.38,0.50,0.00,0.40,0.26,5
1170,0.38,0.51,0.56,0.21,0.50,0.00,0.48,0.31,2
1171,0.32,0.36,0.28,0.38,0.50,0.00,0.50,0.40,7
1172,0.40,0.65,0.38,0.17,0.50,0.00,0.57,0.22,7
1173,0.36,0.37,0.63,0.25,0.50,0.00,0.30,0.22,3
1174,0.49,0.55,0.41,0.19,0.50,0.00,0.48,0.31,7
1175,0.30,0.45,0.55,0.19,0.50,0.00,0.53,0.40,3
1176,0.88,0.72,0.32,0.30,0.50,0.00,0.52,0.33,4
1177,0.44,0.40,0.53,0.19,0.50,0.00,0.48,0.27,3
1178,0.45,0.57,0.52,0.21,0.50,0.00,0.54,0.38,2
1179,0.46,0.61,0.38,0.35,0.50,0.00,0.49,0.22,7
1180,0.55,0.41,0.67,0.61,0.50,0.00,0.49,0.14,1
1181,0.28,0.18,0.72,0.26,0.50,0.00,0.49,0.25,1
1182,0.66,0.65,0.53,0.17,0.50,0.00,0.47,0.66,2
1183,0.36,0.50,0.39,0.23,0.50,0.00,0.50,0.22,7
1184,0.48,0.54,0.56,0.29,0.50,0.00,0.51,0.43,2
1185,0.33,0.37,0.49,0.22,0.50,0.00,0.55,0.22,3
1186,0.58,0.43,0.32,0.11,0.50,0.00,0.49,0.22,8
1187,0.58,0.64,0.42,0.30,0.50,0.00,0.54,0.22,2
1188,0.74,0.82,0.46,0.24,0.50,0.00,0.50,0.31,5
1189,0.74,0.82,0.46,0.24,0.50,0.00,0.48,0.22,5
1190,0.75,0.76,0.58,0.22,0.50,0.00,0.49,0.22,5
1191,0.58,0.37,0.58,0.16,0.50,0.00,0.51,0.22,2
1192,0.39,0.39,0.65,0.16,0.50,0.00,0.45,0.22,3
1193,0.51,0.59,0.55,0.21,0.50,0.00,0.52,0.22,3
1194,0.41,0.35,0.60,0.22,0.50,0.00,0.56,0.79,3
1195,0.43,0.28,0.41,0.32,0.50,0.00,0.52,0.22,7
1196,0.41,0.49,0.55,0.13,0.50,0.00,0.55,0.22,3
1197,0.23,0.29,0.46,0.00,0.50,0.00,0.43,0.31,3
1198,0.25,0.48,0.45,0.32,0.50,0.00,0.40,0.22,3
1199,0.38,0.34,0.55,0.44,0.50,0.00,0.48,0.26,3
1200,0.61,0.54,0.54,0.38,0.50,0.00,0.54,0.29,1
1201,0.48,0.17,0.37,0.33,0.50,0.00,0.44,0.36,2
1202,0.47,0.47,0.50,0.19,0.50,0.00,0.51,0.26,2
1203,0.55,0.38,0.52,0.16,0.50,0.00,0.49,0.64,2
1204,0.41,0.39,0.61,0.17,0.50,0.00,0.50,0.61,2
1205,0.41,0.56,0.53,0.16,0.50,0.00,0.55,0.26,2
1206,0.78,0.73,0.27,0.28,0.50,0.00,0.56,0.22,4
1207,0.31,0.51,0.38,0.18,0.50,0.00,0.46,0.31,7
1208,0.63,0.64,0.49,0.20,0.50,0.00,0.52,0.25,3
1209,0.31,0.40,0.31,0.17,0.50,0.00,0.52,0.22,7
1210,0.44,0.65,0.49,0.16,0.50,0.00,0.48,0.31,2
1211,0.48,0.44,0.46,0.37,0.50,0.00,0.46,0.36,3
1212,0.50,0.49,0.46,0.22,0.50,0.00,0.53,0.25,3
1213,0.62,0.42,0.47,0.16,0.50,0.00,0.52,0.22,3
1214,0.50,0.45,0.52,0.18,0.50,0.00,0.52,0.22,3
1215,0.59,0.51,0.47,0.21,0.50,0.00,0.47,0.22,3
1216,0.39,0.47,0.49,0.20,0.50,0.00,0.53,0.26,3
1217,0.49,0.48,0.52,0.24,0.50,0.00,0.50,0.22,3
1218,0.59,0.48,0.49,0.42,0.50,0.00,0.52,0.22,3
1219,0.57,0.35,0.50,0.43,0.50,0.00,0.53,0.22,3
1220,0.61,0.52,0.50,0.44,0.50,0.00,0.53,0.22,3
1221,0.49,0.51,0.52,0.13,0.50,0.00,0.51,0.33,2
1222,0.45,0.40,0.56,0.15,0.50,0.00,0.52,0.22,2
1223,0.63,0.43,0.48,0.11,0.50,0.00,0.51,0.22,3
1223,0.63,0.43,0.48,0.11,0.50,0.00,0.51,0.22,3
1224,0.52,0.45,0.53,0.34,0.50,0.00,0.52,0.44,3
1225,0.54,0.48,0.55,0.33,0.50,0.00,0.55,0.40,3
1226,0.55,0.79,0.45,0.25,0.50,0.00,0.51,0.22,2
1227,0.58,0.51,0.63,0.20,0.50,0.00,0.50,0.42,2
1228,0.63,0.58,0.57,0.10,0.50,0.00,0.52,0.33,2
1229,0.54,0.67,0.56,0.15,0.50,0.00,0.57,0.33,2
1230,0.41,0.59,0.65,0.14,0.50,0.00,0.49,0.33,2
1231,0.47,0.38,0.50,0.15,0.50,0.00,0.49,0.47,2
1232,0.33,0.17,0.52,0.13,0.50,0.00,0.51,0.75,2
1233,0.42,0.50,0.59,0.17,0.50,0.00,0.51,0.22,3
1234,0.54,0.55,0.55,0.40,0.50,0.00,0.53,0.22,3
1235,0.31,0.31,0.57,0.15,0.50,0.00,0.50,0.22,3
1236,0.38,0.42,0.50,0.19,0.50,0.00,0.44,0.22,3
1237,0.33,0.36,0.62,0.26,0.50,0.00,0.55,0.22,3
1236,0.38,0.42,0.50,0.19,0.50,0.00,0.44,0.22,3
1238,0.47,0.56,0.58,0.19,0.50,0.00,0.44,0.64,3
1239,0.32,0.32,0.52,0.18,0.50,0.00,0.48,0.34,3
1240,0.28,0.27,0.50,0.14,0.50,0.00,0.50,0.28,3
1241,0.41,0.46,0.57,0.25,0.50,0.00,0.57,0.38,3
1242,0.44,0.54,0.51,0.16,0.50,0.00,0.58,0.22,3
1243,0.44,0.55,0.51,0.16,0.50,0.00,0.60,0.22,3
1244,0.77,0.70,0.44,0.29,0.50,0.00,0.56,0.22,4
1245,0.40,0.56,0.53,0.15,0.50,0.00,0.49,0.22,3
1246,0.79,0.79,0.42,0.26,0.50,0.00,0.60,0.22,4
1247,0.80,0.83,0.43,0.24,0.50,0.00,0.54,0.22,4
1248,0.58,0.55,0.51,0.13,0.50,0.00,0.52,0.22,3
1249,0.55,0.69,0.51,0.12,0.50,0.00,0.51,0.22,3
1250,0.47,0.46,0.53,0.12,0.50,0.00,0.51,0.25,2
1251,0.57,0.29,0.63,0.22,0.50,0.00,0.49,0.27,2
1252,0.52,0.49,0.59,0.21,0.50,0.00,0.47,0.22,2
1253,0.41,0.42,0.53,0.17,0.50,0.00,0.48,0.58,2
1254,0.45,0.36,0.50,0.19,0.50,0.00,0.53,0.70,2
1255,0.53,0.51,0.54,0.21,0.50,0.00,0.45,0.22,2
1256,0.49,0.50,0.42,0.43,0.50,0.00,0.50,0.36,8
1257,0.44,0.49,0.49,0.27,0.50,0.00,0.52,0.22,3
1258,0.25,0.26,0.53,0.17,0.50,0.00,0.45,0.22,3
1259,0.49,0.46,0.54,0.18,0.50,0.00,0.35,0.22,3
1260,0.42,0.37,0.54,0.17,0.50,0.00,0.51,0.22,3
1261,0.42,0.45,0.75,0.21,0.50,0.00,0.48,0.22,3
1262,0.39,0.45,0.75,0.17,0.50,0.00,0.51,0.22,3
1263,0.63,0.54,0.53,0.27,0.50,0.00,0.49,0.22,3
1264,0.54,0.43,0.48,0.27,0.50,0.00,0.44,0.41,3
1265,0.40,0.44,0.50,0.13,0.50,0.00,0.52,0.39,3
1266,0.55,0.39,0.39,0.47,0.50,0.00,0.50,0.83,7
1267,0.59,0.48,0.41,0.53,0.50,0.00,0.48,0.56,7
1268,0.49,0.38,0.49,0.15,0.50,0.00,0.53,0.25,2
1269,0.53,0.45,0.52,0.29,0.50,0.00,0.55,0.38,1
1270,0.62,0.60,0.54,0.22,0.50,0.00,0.54,0.27,3
1271,0.33,0.46,0.53,0.12,0.50,0.00,0.50,0.27,3
1272,0.57,0.36,0.51,0.25,0.50,0.00,0.54,0.25,3
1273,0.45,0.76,0.51,0.25,0.50,0.00,0.59,0.22,3
1274,0.48,0.44,0.51,0.24,0.50,0.00,0.49,0.22,3
1275,0.59,0.64,0.44,0.26,0.50,0.00,0.50,0.22,3
1276,0.79,0.56,0.53,0.19,0.50,0.00,0.47,0.35,3
1277,0.50,0.50,0.48,0.34,0.50,0.00,0.52,0.27,2
1278,0.79,0.62,0.35,0.35,0.50,0.00,0.60,0.28,6
1279,0.52,0.50,0.60,0.20,0.50,0.00,0.52,0.22,3
1280,0.59,0.46,0.57,0.17,0.50,0.00,0.52,0.22,3
1281,0.53,0.42,0.53,0.19,0.50,0.00,0.47,0.22,3
1282,0.59,0.46,0.55,0.17,0.50,0.00,0.52,0.25,3
1283,0.61,0.73,0.50,0.58,0.50,0.00,0.50,0.22,1
1284,0.50,0.43,0.56,0.17,0.50,0.00,0.35,0.22,2
1285,0.36,0.52,0.61,0.33,0.50,0.00,0.52,0.37,2
1286,0.66,0.54,0.53,0.17,0.50,0.00,0.54,0.22,3
1287,0.52,0.51,0.48,0.12,0.50,0.00,0.54,0.31,3
1288,0.56,0.46,0.51,0.25,0.50,0.00,0.54,0.22,3
1289,0.47,0.46,0.49,0.27,0.50,0.00,0.59,0.22,3
1290,0.50,0.46,0.49,0.27,0.50,0.00,0.60,0.22,3
1291,0.43,0.48,0.36,0.26,0.50,0.00,0.52,0.22,7
1292,0.50,0.44,0.57,0.28,0.50,0.00,0.57,0.22,3
1293,0.46,0.47,0.62,0.30,0.50,0.00,0.38,0.22,3
1294,0.59,0.70,0.46,0.19,0.50,0.00,0.54,0.44,3
1295,0.19,0.41,0.55,0.13,0.50,0.00,0.52,0.25,3
1296,0.27,0.43,0.50,0.13,0.50,0.00,0.54,0.31,3
1297,0.42,0.46,0.44,0.17,0.50,0.00,0.51,0.42,3
1298,0.49,0.36,0.47,0.28,0.50,0.00,0.56,0.54,2
1299,0.42,0.51,0.33,0.16,0.50,0.00,0.54,0.22,7
1300,0.34,0.42,0.48,0.19,0.50,0.00,0.46,0.31,2
1301,0.60,0.57,0.63,0.22,0.50,0.00,0.50,0.49,2
1302,0.53,0.44,0.54,0.52,0.50,0.00,0.49,0.38,2
1303,0.48,0.39,0.56,0.23,0.50,0.00,0.60,0.22,3
1304,0.56,0.49,0.47,0.13,0.50,0.00,0.52,0.22,2
1305,0.47,0.59,0.56,0.09,0.50,0.00,0.50,0.22,3
1306,0.40,0.28,0.58,0.44,0.50,0.00,0.41,0.22,3
1307,0.54,0.35,0.55,0.19,0.50,0.00,0.30,0.22,3
1308,0.50,0.47,0.45,0.14,0.50,0.00,0.53,0.32,7
1309,0.55,0.49,0.60,0.18,0.50,0.00,0.51,0.22,2
1310,0.55,0.44,0.50,0.09,0.50,0.00,0.55,0.22,8
1311,0.66,0.37,0.60,0.25,0.50,0.00,0.69,0.22,1
1312,0.51,0.49,0.48,0.55,0.50,0.00,0.52,0.58,3
1313,0.36,0.51,0.51,0.17,0.50,0.00,0.52,0.22,8
1314,0.68,0.68,0.35,0.16,0.50,0.00,0.62,0.22,8
1315,0.44,0.35,0.55,0.14,0.50,0.00,0.52,0.22,8
1316,0.73,0.59,0.35,0.15,0.50,0.00,0.54,0.22,8
1317,0.60,0.37,0.52,0.15,0.50,0.00,0.55,0.26,8
1318,0.64,0.61,0.56,0.15,0.50,0.00,0.54,0.22,8
1319,0.48,0.58,0.58,0.12,0.50,0.00,0.49,0.22,8
1320,0.65,0.58,0.53,0.21,0.50,0.00,0.51,0.22,8
1321,0.48,0.49,0.49,0.26,0.50,0.00,0.39,0.27,8
1322,0.57,0.54,0.32,0.15,0.50,0.00,0.52,0.25,8
1323,0.40,0.36,0.32,0.16,0.50,0.00,0.51,0.27,8
1324,0.50,0.55,0.52,0.16,0.50,0.00,0.51,0.31,3
1325,0.65,0.63,0.47,0.22,0.50,0.00,0.52,0.27,3
1326,0.41,0.48,0.51,0.20,0.50,0.00,0.51,0.22,3
1327,0.25,0.40,0.54,0.16,0.50,0.00,0.43,0.22,3
1328,0.63,0.56,0.52,0.21,0.50,0.00,0.50,0.22,3
1329,0.56,0.68,0.42,0.36,0.50,0.00,0.49,0.22,3
1330,0.57,0.47,0.48,0.17,0.50,0.00,0.52,0.26,8
1331,0.46,0.52,0.51,0.13,0.50,0.00,0.47,0.22,3
1332,0.50,0.40,0.57,0.17,0.50,0.00,0.59,0.22,3
1333,0.78,0.71,0.35,0.25,0.50,0.00,0.49,0.22,4
1334,0.64,0.56,0.52,0.17,0.50,0.00,0.54,0.47,2
1335,1.00,0.80,0.29,0.36,0.50,0.00,0.52,0.22,4
1336,0.51,0.39,0.56,0.55,0.50,0.00,0.46,0.64,1
1337,0.69,0.66,0.36,0.09,0.50,0.00,0.56,0.22,4
1338,0.40,0.45,0.45,0.15,0.50,0.00,0.53,0.48,2
1339,0.49,0.53,0.36,0.15,0.50,0.00,0.52,0.27,7
1340,0.39,0.63,0.41,0.27,0.50,0.00,0.49,0.22,7
1341,0.45,0.51,0.43,0.22,0.50,0.00,0.57,0.22,2
1342,0.77,0.78,0.27,0.37,0.50,0.00,0.49,0.22,4
1343,0.88,0.75,0.41,0.36,0.50,0.00,0.43,0.22,6
1344,0.49,0.49,0.40,0.20,0.50,0.00,0.48,0.26,7
1345,0.57,0.53,0.60,0.28,0.50,0.00,0.52,0.45,2
1346,0.53,0.52,0.49,0.27,0.50,0.00,0.51,0.22,3
1347,0.50,0.47,0.56,0.31,0.50,0.00,0.56,0.26,3
1348,0.71,0.79,0.41,0.38,0.50,0.00,0.54,0.22,4
1349,0.33,0.49,0.46,0.22,0.50,0.00,0.53,0.33,7
1350,0.47,0.41,0.46,0.18,0.50,0.00,0.53,0.22,7
1351,0.45,0.39,0.46,0.29,0.50,0.00,0.42,0.22,1
1352,0.59,0.56,0.50,0.48,0.50,0.00,0.46,0.22,1
1353,0.32,0.30,0.57,0.38,0.50,0.00,0.50,0.25,2
1354,0.26,0.30,0.37,0.15,0.50,0.00,0.53,0.25,7
1355,0.28,0.41,0.46,0.18,0.50,0.00,0.47,0.39,2
1356,0.45,0.50,0.43,0.16,0.50,0.00,0.52,0.28,7
1357,0.24,0.25,0.57,0.28,0.50,0.00,0.51,0.11,3
1358,0.46,0.61,0.55,0.29,0.50,0.00,0.49,0.22,1
1359,0.54,0.44,0.38,0.22,0.50,0.00,0.54,0.30,7
1360,0.22,0.53,0.36,0.22,0.50,0.00,0.54,0.31,7
1361,0.25,0.41,0.47,0.14,0.50,0.00,0.56,0.68,2
1362,0.43,0.41,0.37,0.18,0.50,0.00,0.54,0.31,7
1363,0.40,0.44,0.47,0.25,0.50,0.00,0.54,0.56,2
1364,0.46,0.59,0.38,0.12,0.50,0.00,0.50,0.22,7
1365,0.80,0.82,0.40,0.31,0.50,0.00,0.57,0.25,4
1366,0.29,0.39,0.46,0.36,0.50,0.00,0.51,0.22,2
1367,0.40,0.40,0.43,0.19,0.50,0.83,0.48,0.22,9
1368,0.57,0.52,0.46,0.20,0.50,0.83,0.52,0.41,9
1369,0.43,0.60,0.40,0.12,0.50,0.00,0.49,0.29,7
1370,0.56,0.71,0.47,0.21,0.50,0.00,0.52,0.22,1
1371,0.65,0.62,0.26,0.33,0.50,0.00,0.55,0.22,7
1372,0.77,0.70,0.37,0.12,0.50,0.00,0.49,0.26,4
1373,0.47,0.61,0.32,0.27,0.50,0.00,0.50,0.30,7
1374,0.71,0.51,0.49,0.23,0.50,0.00,0.30,0.32,6
1375,0.59,0.48,0.49,0.49,0.50,0.00,0.36,0.32,3
1376,0.58,0.63,0.52,0.70,0.50,0.00,0.46,0.22,1
1377,0.30,0.68,0.41,0.17,0.50,0.00,0.51,0.22,7
1378,0.74,0.73,0.32,0.20,0.50,0.00,0.55,0.22,4
1379,0.55,0.35,0.36,0.29,0.50,0.00,0.51,0.22,7
1380,0.35,0.32,0.31,0.16,0.50,0.00,0.56,0.22,7
1381,0.67,0.61,0.39,0.24,0.50,0.00,0.51,0.22,7
1382,0.69,0.57,0.39,0.19,0.50,0.00,0.48,0.39,6
1383,0.47,0.41,0.53,0.27,0.50,0.00,0.47,0.25,1
1384,0.39,0.56,0.34,0.18,0.50,0.00,0.49,0.22,7
1385,0.51,0.38,0.42,0.21,0.50,0.00,0.46,0.34,7
1386,0.32,0.45,0.39,0.14,0.50,0.00,0.45,0.22,7
1387,0.75,0.73,0.35,0.33,0.50,0.00,0.49,0.28,4
1388,0.54,0.54,0.56,0.18,0.50,0.00,0.46,0.29,2
1389,0.71,0.64,0.42,0.28,0.50,0.00,0.43,0.22,5
1390,0.28,0.48,0.36,0.16,0.50,0.00,0.53,0.22,7
1391,0.58,0.44,0.45,0.32,0.50,0.00,0.52,0.37,2
1392,0.52,0.65,0.36,0.26,0.50,0.00,0.44,0.22,7
1393,0.64,0.44,0.56,0.15,0.50,0.00,0.56,0.22,3
1394,0.48,0.58,0.47,0.17,0.50,0.00,0.53,0.74,3
1395,0.42,0.71,0.45,0.15,0.50,0.00,0.48,0.22,7
1396,0.38,0.37,0.36,0.14,0.50,0.00,0.54,0.22,7
1397,0.40,0.40,0.44,0.37,0.50,0.00,0.53,0.25,2
1398,0.38,0.56,0.38,0.16,0.50,0.00,0.53,0.22,7
1399,0.80,0.79,0.43,0.25,0.50,0.00,0.52,0.22,5
1400,0.63,0.65,0.42,0.18,0.50,0.00,0.54,0.27,7
1401,0.47,0.40,0.63,0.19,0.50,0.00,0.52,0.32,2
1402,0.83,0.94,0.32,0.21,0.50,0.00,0.51,0.22,4
1403,0.61,0.76,0.30,0.16,0.50,0.00,0.45,0.41,7
1404,0.33,0.38,0.47,0.14,0.50,0.00,0.51,0.47,2
1405,0.38,0.67,0.33,0.17,0.50,0.00,0.51,0.22,7
1406,0.39,0.33,0.33,0.23,0.50,0.00,0.47,0.22,7
1407,0.50,0.63,0.45,0.13,0.50,0.00,0.45,0.32,7
1408,0.20,0.60,0.50,0.29,0.50,0.00,0.51,0.22,7
1409,0.29,0.26,0.43,0.17,0.50,0.00,0.55,0.30,7
1410,0.51,0.46,0.41,0.36,0.50,0.00,0.49,0.22,7
1411,0.92,0.66,0.52,0.23,0.50,0.00,0.53,0.22,4
1412,0.49,0.56,0.37,0.20,0.50,0.00,0.53,0.22,7
1413,0.86,0.78,0.34,0.15,0.50,0.00,0.53,0.22,6
1414,0.38,0.44,0.57,0.14,0.50,0.00,0.53,0.52,2
1415,0.72,0.73,0.41,0.28,0.50,0.00,0.44,0.22,4
1416,0.80,0.73,0.47,0.19,0.50,0.00,0.49,0.22,4
1417,0.49,0.55,0.35,0.23,0.50,0.00,0.57,0.22,7
1418,0.63,0.71,0.44,0.53,0.50,0.00,0.52,0.22,6
1419,0.60,0.68,0.30,0.27,0.50,0.00,0.55,0.22,7
1420,0.40,0.43,0.49,0.17,0.50,0.00,0.51,0.36,2
1421,0.82,0.63,0.47,0.18,0.50,0.00,0.50,0.22,9
1422,0.77,0.68,0.35,0.19,0.50,0.00,0.53,0.43,4
1423,0.51,0.59,0.46,0.13,0.50,0.00,0.48,0.22,1
1424,0.52,0.46,0.34,0.20,0.50,0.00,0.51,0.25,7
1425,0.47,0.50,0.60,0.63,0.50,0.00,0.38,0.16,3
1426,0.34,0.24,0.51,0.15,0.50,0.00,0.54,0.40,2
1427,0.35,0.29,0.46,0.14,0.50,0.00,0.54,0.66,2
1428,0.58,0.67,0.49,0.16,0.50,0.00,0.47,0.28,1
1429,0.85,0.85,0.30,0.31,0.50,0.00,0.55,0.42,4
1430,0.36,0.48,0.61,0.26,0.50,0.00,0.50,0.16,2
1431,0.41,0.25,0.59,0.44,0.50,0.00,0.60,0.69,2
1432,0.30,0.37,0.40,0.45,0.50,0.00,0.48,0.41,7
1433,0.57,0.59,0.49,0.86,0.50,0.00,0.47,0.22,2
1434,0.38,0.40,0.39,0.19,0.50,0.00,0.46,0.62,2
1435,0.77,0.74,0.37,0.29,0.50,0.00,0.45,0.22,4
1436,0.47,0.38,0.58,0.19,0.50,0.00,0.57,0.22,3
1437,0.50,0.61,0.44,0.20,0.50,0.00,0.49,0.22,1
1438,0.41,0.45,0.46,0.23,0.50,0.00,0.50,0.70,3
1439,0.46,0.62,0.46,0.54,0.50,0.00,0.51,0.27,1
1440,0.74,0.75,0.45,0.44,0.50,0.00,0.52,0.22,9
1441,0.52,0.53,0.58,0.69,0.50,0.00,0.50,0.22,1
1442,0.41,0.47,0.50,0.14,0.50,0.00,0.53,0.37,2
1443,0.25,0.40,0.52,0.15,0.50,0.00,0.56,0.28,2
1444,0.58,0.56,0.38,0.39,0.50,0.00,0.54,0.57,2
1445,0.32,0.29,0.29,0.08,0.50,0.00,0.52,0.22,7
1446,0.38,0.48,0.57,0.30,0.50,0.00,0.41,0.11,3
1447,0.39,0.58,0.47,0.18,0.50,0.00,0.48,0.22,1
1448,0.38,0.47,0.47,0.18,0.50,0.00,0.44,0.26,1
1449,0.63,0.57,0.50,0.48,0.50,0.00,0.51,0.22,1
1450,0.51,0.45,0.62,0.25,0.50,0.00,0.59,0.22,1
1451,0.59,0.67,0.54,0.19,0.50,0.00,0.48,0.60,2
1452,0.60,0.61,0.54,0.11,0.50,0.00,0.46,0.22,3
1453,0.48,0.61,0.57,0.17,0.50,0.00,0.45,0.22,3
1454,0.71,0.50,0.50,0.18,0.50,0.00,0.46,0.22,3
1455,0.61,0.48,0.54,0.25,0.50,0.00,0.50,0.22,3
1456,0.38,0.32,0.64,0.41,0.50,0.00,0.44,0.11,3
1457,0.38,0.40,0.66,0.35,0.50,0.00,0.43,0.11,3
1458,0.81,0.62,0.43,0.17,0.50,0.00,0.53,0.22,6
1459,0.47,0.43,0.61,0.40,0.50,0.00,0.48,0.47,2
1460,0.67,0.57,0.36,0.19,0.50,0.00,0.56,0.22,6
1461,0.43,0.40,0.60,0.16,0.50,0.00,0.53,0.39,2
1462,0.65,0.54,0.54,0.13,0.50,0.00,0.53,0.22,3
